id,timestamp,ABSOLUTE_LOAD,ACCELERATOR_POS_D,ACCELERATOR_POS_E,BAROMETRIC_PRESSURE,CALIBRATION_ID,CONTROL_MODULE_VOLTAGE,COOLANT_TEMP,DISTANCE_SINCE_DTC_CLEAR,DISTANCE_W_MIL,ELM_VERSION,ELM_VOLTAGE,ENGINE_LOAD,EVAPORATIVE_PURGE,FUEL_STATUS,GET_CURRENT_DTC,GET_DTC,INTAKE_PRESSURE,INTAKE_TEMP,LONG_FUEL_TRIM_1,MIDS_A,MIDS_B,MONITOR_CATALYST_B1,MONITOR_O2_B1S1,MONITOR_VVT_B1,O2_B1S1,O2_B1S2,O2_SENSORS,OBD_COMPLIANCE,PIDS_9A,PIDS_A,PIDS_B,PIDS_C,RELATIVE_THROTTLE_POS,RPM,RUN_TIME,SHORT_FUEL_TRIM_1,SPEED,STATUS,THROTTLE_ACTUATOR,THROTTLE_POS,THROTTLE_POS_B,TIMING_ADVANCE,WARMUPS_SINCE_DTC_CLEAR
1,2025-04-22 14:37:39,29.41176470588235 percent,21.176470588235293 percent,10.980392156862745 percent,96 kilopascal,bytearray(b'33920-66R0*'),13.664 volt,90 degree_Celsius,0.0 kilometer,0.0 kilometer,ELM327 v2.1,13.2 volt,40.3921568627451 percent,0.0 percent,"('Closed loop, using oxygen sensor feedback to determine fuel mix', '')",[],[],49 kilopascal,53 degree_Celsius,0.0 percent,10000000000000000000000000000001,10000000000000000000100000000000,Unknown : 0.0 count [PASSED],Unknown : 0.0 millisecond [PASSED],"Unknown : 0.0 degree [PASSED]
Unknown : 0.0 degree [PASSED]",0.8 volt,0.155 volt,"((), (False, False, False, False), (False, False, True, True))",EOBD (Europe),0001000000000000000000000000000000000000,10111110001111101011100000010011,10000000000001011010000000000001,01101010110100000000000000000000,9.411764705882353 percent,1622.5 revolutions_per_minute,256.0 second,2.34375 percent,45.0 kilometer_per_hour,<obd.OBDResponse.Status object at 0xf6889df0>,18.431372549019606 percent,24.313725490196077 percent,24.313725490196077 percent,11.0 degree,0.0 count
2,2025-04-22 14:37:46,50.588235294117645 percent,31.764705882352942 percent,16.07843137254902 percent,96 kilopascal,bytearray(b'33920-66R0*'),13.735 volt,90 degree_Celsius,0.0 kilometer,N/A,ELM327 v2.1,13.2 volt,81.96078431372548 percent,0.0 percent,"('Closed loop, using oxygen sensor feedback to determine fuel mix', '')",[],[],32 kilopascal,52 degree_Celsius,0.0 percent,10000000000000000000000000000001,10000000000000000000100000000000,Unknown : 0.0 count [PASSED],Unknown : 0.0 millisecond [PASSED],"Unknown : 0.0 degree [PASSED]
Unknown : 0.0 degree [PASSED]",0.92 volt,0.185 volt,"((), (False, False, False, False), (False, False, True, True))",EOBD (Europe),0001000000000000000000000000000000000000,10111110001111101011100000010011,10000000000001011010000000000001,01101010110100000000000000000000,11.372549019607844 percent,1428.0 revolutions_per_minute,262.0 second,4.6875 percent,51.0 kilometer_per_hour,<obd.OBDResponse.Status object at 0xf68eacd0>,9.803921568627452 percent,18.03921568627451 percent,18.03921568627451 percent,6.0 degree,0.0 count
3,2025-04-22 14:37:53,21.176470588235293 percent,14.901960784313726 percent,7.450980392156863 percent,96 kilopascal,bytearray(b'33920-66R0*'),13.688 volt,90 degree_Celsius,0.0 kilometer,0.0 kilometer,ELM327 v2.1,13.4 volt,28.627450980392158 percent,0.0 percent,"('Closed loop, using oxygen sensor feedback to determine fuel mix', '')",[],[],32 kilopascal,52 degree_Celsius,0.0 percent,10000000000000000000000000000001,10000000000000000000100000000000,Unknown : 0.0 count [PASSED],Unknown : 0.0 millisecond [PASSED],"Unknown : 0.0 degree [PASSED]
Unknown : 0.0 degree [PASSED]",0.84 volt,0.175 volt,"((), (False, False, False, False), (False, False, True, True))",EOBD (Europe),0001000000000000000000000000000000000000,10111110001111101011100000010011,10000000000001011010000000000001,01101010110100000000000000000000,11.372549019607844 percent,1326.0 revolutions_per_minute,269.0 second,4.6875 percent,47.0 kilometer_per_hour,<obd.OBDResponse.Status object at 0xf68866b0>,15.686274509803921 percent,22.352941176470587 percent,21.96078431372549 percent,8.0 degree,0.0 count
4,2025-04-22 14:38:00,70.19607843137254 percent,37.64705882352941 percent,18.823529411764707 percent,96 kilopascal,bytearray(b'33920-66R0*'),13.711 volt,90 degree_Celsius,0.0 kilometer,0.0 kilometer,ELM327 v2.1,13.2 volt,35.68627450980392 percent,3.1372549019607843 percent,"('Closed loop, using oxygen sensor feedback to determine fuel mix', '')",[],[],45 kilopascal,52 degree_Celsius,0.0 percent,10000000000000000000000000000001,10000000000000000000100000000000,Unknown : 0.0 count [PASSED],Unknown : 0.0 millisecond [PASSED],"Unknown : 0.0 degree [PASSED]
Unknown : 0.0 degree [PASSED]",0.525 volt,0.215 volt,"((), (False, False, False, False), (False, False, True, True))",EOBD (Europe),0001000000000000000000000000000000000000,10111110001111101011100000010011,10000000000001011010000000000001,01101010110100000000000000000000,9.019607843137255 percent,1406.0 revolutions_per_minute,276.0 second,-4.6875 percent,50.0 kilometer_per_hour,<obd.OBDResponse.Status object at 0xf68eacd0>,11.372549019607844 percent,17.254901960784313 percent,17.647058823529413 percent,6.5 degree,0.0 count
5,2025-04-22 14:38:07,20.392156862745097 percent,14.901960784313726 percent,7.450980392156863 percent,96 kilopascal,bytearray(b'33920-66R0*'),13.735 volt,90 degree_Celsius,0.0 kilometer,0.0 kilometer,ELM327 v2.1,13.8 volt,26.274509803921568 percent,9.411764705882353 percent,"('Closed loop, using oxygen sensor feedback to determine fuel mix', '')",[],[],31 kilopascal,52 degree_Celsius,0.0 percent,10000000000000000000000000000001,10000000000000000000100000000000,Unknown : 0.0 count [PASSED],Unknown : 0.0 millisecond [PASSED],"Unknown : 0.0 degree [PASSED]
Unknown : 0.0 degree [PASSED]",0.05 volt,0.18 volt,"((), (False, False, False, False), (False, False, True, True))",EOBD (Europe),0001000000000000000000000000000000000000,10111110001111101011100000010011,10000000000001011010000000000001,01101010110100000000000000000000,7.450980392156863 percent,1324.5 revolutions_per_minute,283.0 second,-5.46875 percent,46.0 kilometer_per_hour,<obd.OBDResponse.Status object at 0xf68ead90>,9.803921568627452 percent,17.647058823529413 percent,17.254901960784313 percent,8.0 degree,0.0 count
6,2025-04-22 14:38:14,21.56862745098039 percent,14.901960784313726 percent,7.450980392156863 percent,96 kilopascal,bytearray(b'33920-66R0*'),13.735 volt,90 degree_Celsius,0.0 kilometer,0.0 kilometer,ELM327 v2.1,13.1 volt,30.19607843137255 percent,12.156862745098039 percent,"('Closed loop, using oxygen sensor feedback to determine fuel mix', '')",[],[],35 kilopascal,51 degree_Celsius,0.0 percent,10000000000000000000000000000001,10000000000000000000100000000000,Unknown : 0.0 count [PASSED],Unknown : 0.0 millisecond [PASSED],"Unknown : 0.0 degree [PASSED]
Unknown : 0.0 degree [PASSED]",0.88 volt,0.165 volt,"((), (False, False, False, False), (False, False, True, True))",EOBD (Europe),0001000000000000000000000000000000000000,10111110001111101011100000010011,10000000000001011010000000000001,01101010110100000000000000000000,7.450980392156863 percent,877.0 revolutions_per_minute,290.0 second,-6.25 percent,28.0 kilometer_per_hour,<obd.OBDResponse.Status object at 0xf68ea130>,10.588235294117647 percent,18.431372549019606 percent,18.03921568627451 percent,-4.0 degree,0.0 count
7,2025-04-22 14:38:21,31.764705882352942 percent,14.901960784313726 percent,7.450980392156863 percent,96 kilopascal,bytearray(b'33920-66R0*'),13.593 volt,90 degree_Celsius,0.0 kilometer,0.0 kilometer,ELM327 v2.1,13.4 volt,41.568627450980394 percent,0.0 percent,"('Closed loop, using oxygen sensor feedback to determine fuel mix', '')",[],[],53 kilopascal,51 degree_Celsius,0.0 percent,10000000000000000000000000000001,10000000000000000000100000000000,Unknown : 0.0 count [PASSED],Unknown : 0.0 millisecond [PASSED],"Unknown : 0.0 degree [PASSED]
Unknown : 0.0 degree [PASSED]",0.08 volt,0.155 volt,"((), (False, False, False, False), (False, False, True, True))",EOBD (Europe),0001000000000000000000000000000000000000,10111110001111101011100000010011,10000000000001011010000000000001,01101010110100000000000000000000,10.196078431372548 percent,668.0 revolutions_per_minute,297.0 second,10.15625 percent,10.0 kilometer_per_hour,<obd.OBDResponse.Status object at 0xf6886610>,18.03921568627451 percent,23.92156862745098 percent,23.92156862745098 percent,-1.0 degree,0.0 count
8,2025-04-22 14:38:28,71.37254901960785 percent,38.8235294117647 percent,19.607843137254903 percent,96 kilopascal,bytearray(b'33920-66R0*'),13.711 volt,90 degree_Celsius,0.0 kilometer,0.0 kilometer,ELM327 v2.1,13.6 volt,86.27450980392157 percent,0.0 percent,"('Closed loop, using oxygen sensor feedback to determine fuel mix', '')",[],[],75 kilopascal,51 degree_Celsius,0.0 percent,10000000000000000000000000000001,10000000000000000000100000000000,Unknown : 0.0 count [PASSED],Unknown : 0.0 millisecond [PASSED],"Unknown : 0.0 degree [PASSED]
Unknown : 0.0 degree [PASSED]",0.87 volt,0.43 volt,"((), (False, False, False, False), (False, False, True, True))",EOBD (Europe),0001000000000000000000000000000000000000,10111110001111101011100000010011,10000000000001011010000000000001,01101010110100000000000000000000,8.627450980392156 percent,1451.0 revolutions_per_minute,304.0 second,3.125 percent,29.0 kilometer_per_hour,<obd.OBDResponse.Status object at 0xf68eab90>,9.411764705882353 percent,17.647058823529413 percent,20.784313725490197 percent,12.5 degree,0.0 count
9,2025-04-22 14:38:35,52.549019607843135 percent,33.72549019607843 percent,16.862745098039216 percent,96 kilopascal,bytearray(b'33920-66R0*'),13.711 volt,90 degree_Celsius,0.0 kilometer,0.0 kilometer,ELM327 v2.1,13.2 volt,35.68627450980392 percent,0.0 percent,"('Closed loop, using oxygen sensor feedback to determine fuel mix', '')",[],[],54 kilopascal,51 degree_Celsius,0.0 percent,10000000000000000000000000000001,10000000000000000000100000000000,Unknown : 0.0 count [PASSED],Unknown : 0.0 millisecond [PASSED],"Unknown : 0.0 degree [PASSED]
Unknown : 0.0 degree [PASSED]",0.835 volt,0.185 volt,"((), (False, False, False, False), (False, False, True, True))",EOBD (Europe),0001000000000000000000000000000000000000,10111110001111101011100000010011,10000000000001011010000000000001,01101010110100000000000000000000,9.803921568627452 percent,1639.5 revolutions_per_minute,311.0 second,7.03125 percent,34.0 kilometer_per_hour,<obd.OBDResponse.Status object at 0xf68861d0>,9.803921568627452 percent,17.647058823529413 percent,17.647058823529413 percent,19.5 degree,0.0 count
10,2025-04-22 14:38:42,41.96078431372549 percent,30.19607843137255 percent,15.294117647058824 percent,96 kilopascal,bytearray(b'33920-66R0*'),13.735 volt,89 degree_Celsius,0.0 kilometer,0.0 kilometer,ELM327 v2.1,13.2 volt,29.80392156862745 percent,0.0 percent,"('Closed loop, using oxygen sensor feedback to determine fuel mix', '')",[],[],45 kilopascal,51 degree_Celsius,0.0 percent,10000000000000000000000000000001,10000000000000000000100000000000,Unknown : 0.0 count [PASSED],Unknown : 0.0 millisecond [PASSED],"Unknown : 0.0 degree [PASSED]
Unknown : 0.0 degree [PASSED]",0.03 volt,0.18 volt,"((), (False, False, False, False), (False, False, True, True))",EOBD (Europe),0001000000000000000000000000000000000000,10111110001111101011100000010011,10000000000001011010000000000001,01101010110100000000000000000000,11.764705882352942 percent,1690.0 revolutions_per_minute,318.0 second,1.5625 percent,35.0 kilometer_per_hour,<obd.OBDResponse.Status object at 0xf68ead90>,18.823529411764707 percent,24.705882352941178 percent,24.313725490196077 percent,14.0 degree,0.0 count
11,2025-04-22 14:38:49,51.372549019607845 percent,14.901960784313726 percent,7.450980392156863 percent,96 kilopascal,bytearray(b'33920-66R0*'),13.735 volt,88 degree_Celsius,0.0 kilometer,0.0 kilometer,ELM327 v2.1,13.3 volt,34.11764705882353 percent,0.0 percent,"('Open loop due to engine load OR fuel cut due to deceleration', '')",[],[],43 kilopascal,51 degree_Celsius,0.0 percent,10000000000000000000000000000001,10000000000000000000100000000000,Unknown : 0.0 count [PASSED],Unknown : 0.0 millisecond [PASSED],"Unknown : 0.0 degree [PASSED]
Unknown : 0.0 degree [PASSED]",0.79 volt,0.175 volt,"((), (False, False, False, False), (False, False, True, True))",EOBD (Europe),0001000000000000000000000000000000000000,10111110001111101011100000010011,10000000000001011010000000000001,01101010110100000000000000000000,7.450980392156863 percent,1010.5 revolutions_per_minute,325.0 second,6.25 percent,27.0 kilometer_per_hour,<obd.OBDResponse.Status object at 0xf6886290>,9.803921568627452 percent,17.647058823529413 percent,18.823529411764707 percent,-2.5 degree,0.0 count
12,2025-04-22 14:38:56,61.17647058823529 percent,31.764705882352942 percent,15.294117647058824 percent,96 kilopascal,bytearray(b'33920-66R0*'),13.664 volt,89 degree_Celsius,0.0 kilometer,0.0 kilometer,ELM327 v2.1,13.2 volt,76.47058823529412 percent,0.0 percent,"('Closed loop, using oxygen sensor feedback to determine fuel mix', '')",[],[],95 kilopascal,51 degree_Celsius,0.0 percent,10000000000000000000000000000001,10000000000000000000100000000000,Unknown : 0.0 count [PASSED],Unknown : 0.0 millisecond [PASSED],"Unknown : 0.0 degree [PASSED]
Unknown : 0.0 degree [PASSED]",0.845 volt,0.73 volt,"((), (False, False, False, False), (False, False, True, True))",EOBD (Europe),0001000000000000000000000000000000000000,10111110001111101011100000010011,10000000000001011010000000000001,01101010110100000000000000000000,7.8431372549019605 percent,1181.5 revolutions_per_minute,332.0 second,6.25 percent,31.0 kilometer_per_hour,<obd.OBDResponse.Status object at 0xf68eabf0>,10.196078431372548 percent,18.03921568627451 percent,17.647058823529413 percent,0.5 degree,0.0 count
13,2025-04-22 14:39:03,29.41176470588235 percent,14.901960784313726 percent,7.450980392156863 percent,96 kilopascal,bytearray(b'33920-66R0*'),13.593 volt,90 degree_Celsius,0.0 kilometer,0.0 kilometer,ELM327 v2.1,13.2 volt,41.1764705882353 percent,0.0 percent,"('Closed loop, using oxygen sensor feedback to determine fuel mix', '')",[],[],47 kilopascal,51 degree_Celsius,0.0 percent,10000000000000000000000000000001,10000000000000000000100000000000,Unknown : 0.0 count [PASSED],Unknown : 0.0 millisecond [PASSED],"Unknown : 0.0 degree [PASSED]
Unknown : 0.0 degree [PASSED]",0.085 volt,0.695 volt,"((), (False, False, False, False), (False, False, True, True))",EOBD (Europe),0001000000000000000000000000000000000000,10111110001111101011100000010011,10000000000001011010000000000001,01101010110100000000000000000000,9.411764705882353 percent,610.5 revolutions_per_minute,339.0 second,4.6875 percent,7.0 kilometer_per_hour,<obd.OBDResponse.Status object at 0xf68eacd0>,14.509803921568627 percent,21.176470588235293 percent,20.784313725490197 percent,0.5 degree,0.0 count
14,2025-04-22 14:39:10,34.90196078431372 percent,14.509803921568627 percent,7.450980392156863 percent,96 kilopascal,bytearray(b'33920-66R0*'),13.334 volt,90 degree_Celsius,0.0 kilometer,0.0 kilometer,ELM327 v2.1,12.8 volt,50.98039215686274 percent,0.0 percent,"('Closed loop, using oxygen sensor feedback to determine fuel mix', '')",[],[],56 kilopascal,51 degree_Celsius,0.0 percent,10000000000000000000000000000001,10000000000000000000100000000000,Unknown : 0.0 count [PASSED],Unknown : 0.0 millisecond [PASSED],"Unknown : 0.0 degree [PASSED]
Unknown : 0.0 degree [PASSED]",0.81 volt,0.705 volt,"((), (False, False, False, False), (False, False, True, True))",EOBD (Europe),0001000000000000000000000000000000000000,10111110001111101011100000010011,10000000000001011010000000000001,01101010110100000000000000000000,7.450980392156863 percent,964.0 revolutions_per_minute,346.0 second,10.9375 percent,6.0 kilometer_per_hour,<obd.OBDResponse.Status object at 0xf68eabf0>,5.882352941176471 percent,18.431372549019606 percent,17.647058823529413 percent,-11.5 degree,0.0 count
15,2025-04-22 14:39:17,40.78431372549019 percent,14.901960784313726 percent,9.411764705882353 percent,96 kilopascal,bytearray(b'33920-66R0*'),13.876 volt,90 degree_Celsius,0.0 kilometer,0.0 kilometer,ELM327 v2.1,13.4 volt,58.03921568627451 percent,0.0 percent,"('Closed loop, using oxygen sensor feedback to determine fuel mix', '')",[],[],45 kilopascal,51 degree_Celsius,0.0 percent,10000000000000000000000000000001,10000000000000000000100000000000,Unknown : 0.0 count [PASSED],Unknown : 0.0 millisecond [PASSED],"Unknown : 0.0 degree [PASSED]
Unknown : 0.0 degree [PASSED]",0.115 volt,0.735 volt,"((), (False, False, False, False), (False, False, True, True))",EOBD (Europe),0001000000000000000000000000000000000000,10111110001111101011100000010011,10000000000001011010000000000001,01101010110100000000000000000000,7.450980392156863 percent,681.0 revolutions_per_minute,353.0 second,8.59375 percent,7.0 kilometer_per_hour,<obd.OBDResponse.Status object at 0xf6886290>,10.196078431372548 percent,18.03921568627451 percent,18.03921568627451 percent,-9.0 degree,0.0 count
16,2025-04-22 14:39:24,50.588235294117645 percent,20.392156862745097 percent,9.411764705882353 percent,96 kilopascal,bytearray(b'33920-66R0*'),13.476 volt,91 degree_Celsius,1.0 kilometer,0.0 kilometer,ELM327 v2.1,13.2 volt,73.33333333333333 percent,0.0 percent,"('Closed loop, using oxygen sensor feedback to determine fuel mix', '')",[],[],88 kilopascal,51 degree_Celsius,0.0 percent,10000000000000000000000000000001,10000000000000000000100000000000,Unknown : 0.0 count [PASSED],Unknown : 0.0 millisecond [PASSED],"Unknown : 0.0 degree [PASSED]
Unknown : 0.0 degree [PASSED]",0.795 volt,0.76 volt,"((), (False, False, False, False), (False, False, True, True))",EOBD (Europe),0001000000000000000000000000000000000000,10111110001111101011100000010011,10000000000001011010000000000001,01101010110100000000000000000000,7.450980392156863 percent,1481.5 revolutions_per_minute,360.0 second,-0.78125 percent,19.0 kilometer_per_hour,<obd.OBDResponse.Status object at 0xf68ead90>,14.509803921568627 percent,19.607843137254903 percent,19.607843137254903 percent,1.5 degree,0.0 count
17,2025-04-22 14:39:31,41.568627450980394 percent,28.627450980392158 percent,14.509803921568627 percent,96 kilopascal,bytearray(b'33920-66R0*'),13.735 volt,90 degree_Celsius,1.0 kilometer,0.0 kilometer,ELM327 v2.1,13.4 volt,32.15686274509804 percent,0.0 percent,"('Closed loop, using oxygen sensor feedback to determine fuel mix', '')",[],[],37 kilopascal,52 degree_Celsius,0.0 percent,10000000000000000000000000000001,10000000000000000000100000000000,Unknown : 0.0 count [PASSED],Unknown : 0.0 millisecond [PASSED],"Unknown : 0.0 degree [PASSED]
Unknown : 0.0 degree [PASSED]",0.095 volt,0.77 volt,"((), (False, False, False, False), (False, False, True, True))",EOBD (Europe),0001000000000000000000000000000000000000,10111110001111101011100000010011,10000000000001011010000000000001,01101010110100000000000000000000,7.450980392156863 percent,846.5 revolutions_per_minute,367.0 second,6.25 percent,8.0 kilometer_per_hour,<obd.OBDResponse.Status object at 0xf68ea130>,10.196078431372548 percent,18.03921568627451 percent,18.03921568627451 percent,3.5 degree,0.0 count
18,2025-04-22 14:39:38,51.76470588235294 percent,34.11764705882353 percent,17.254901960784313 percent,96 kilopascal,bytearray(b'33920-66R0*'),13.735 volt,90 degree_Celsius,1.0 kilometer,0.0 kilometer,ELM327 v2.1,13.6 volt,72.15686274509804 percent,0.0 percent,"('Closed loop, using oxygen sensor feedback to determine fuel mix', '')",[],[],76 kilopascal,52 degree_Celsius,0.0 percent,10000000000000000000000000000001,10000000000000000000100000000000,Unknown : 0.0 count [PASSED],Unknown : 0.0 millisecond [PASSED],"Unknown : 0.0 degree [PASSED]
Unknown : 0.0 degree [PASSED]",0.075 volt,0.79 volt,"((), (False, False, False, False), (False, False, True, True))",EOBD (Europe),0001000000000000000000000000000000000000,10111110001111101011100000010011,10000000000001011010000000000001,01101010110100000000000000000000,11.764705882352942 percent,1988.0 revolutions_per_minute,374.0 second,0.0 percent,29.0 kilometer_per_hour,<obd.OBDResponse.Status object at 0xf68ead90>,9.803921568627452 percent,19.607843137254903 percent,18.431372549019606 percent,21.5 degree,0.0 count
19,2025-04-22 14:39:45,23.52941176470588 percent,14.901960784313726 percent,7.450980392156863 percent,96 kilopascal,bytearray(b'33920-66R0*'),13.758000000000001 volt,90 degree_Celsius,1.0 kilometer,0.0 kilometer,ELM327 v2.1,13.6 volt,26.274509803921568 percent,0.0 percent,"('Closed loop, using oxygen sensor feedback to determine fuel mix', '')",[],[],31 kilopascal,52 degree_Celsius,0.0 percent,10000000000000000000000000000001,10000000000000000000100000000000,Unknown : 0.0 count [PASSED],Unknown : 0.0 millisecond [PASSED],"Unknown : 0.0 degree [PASSED]
Unknown : 0.0 degree [PASSED]",0.13 volt,0.77 volt,"((), (False, False, False, False), (False, False, True, True))",EOBD (Europe),0001000000000000000000000000000000000000,10111110001111101011100000010011,10000000000001011010000000000001,01101010110100000000000000000000,7.8431372549019605 percent,1326.5 revolutions_per_minute,381.0 second,2.34375 percent,26.0 kilometer_per_hour,<obd.OBDResponse.Status object at 0xf68861d0>,9.803921568627452 percent,18.03921568627451 percent,18.823529411764707 percent,3.0 degree,0.0 count
20,2025-04-22 14:39:52,17.647058823529413 percent,18.431372549019606 percent,9.019607843137255 percent,96 kilopascal,bytearray(b'33920-66R0*'),13.735 volt,90 degree_Celsius,1.0 kilometer,0.0 kilometer,ELM327 v2.1,13.4 volt,25.098039215686274 percent,0.0 percent,"('Open loop due to engine load OR fuel cut due to deceleration', '')",[],[],55 kilopascal,52 degree_Celsius,0.0 percent,10000000000000000000000000000001,10000000000000000000100000000000,Unknown : 0.0 count [PASSED],Unknown : 0.0 millisecond [PASSED],"Unknown : 0.0 degree [PASSED]
Unknown : 0.0 degree [PASSED]",0.125 volt,0.775 volt,"((), (False, False, False, False), (False, False, True, True))",EOBD (Europe),0001000000000000000000000000000000000000,10111110001111101011100000010011,10000000000001011010000000000001,01101010110100000000000000000000,7.0588235294117645 percent,1496.5 revolutions_per_minute,388.0 second,-0.78125 percent,19.0 kilometer_per_hour,<obd.OBDResponse.Status object at 0xf68eab90>,10.196078431372548 percent,18.823529411764707 percent,18.431372549019606 percent,27.0 degree,0.0 count
21,2025-04-22 14:39:59,33.72549019607843 percent,25.88235294117647 percent,12.941176470588236 percent,96 kilopascal,bytearray(b'33920-66R0*'),13.711 volt,90 degree_Celsius,1.0 kilometer,0.0 kilometer,ELM327 v2.1,13.4 volt,45.490196078431374 percent,0.0 percent,"('Closed loop, using oxygen sensor feedback to determine fuel mix', '')",[],[],49 kilopascal,52 degree_Celsius,0.0 percent,10000000000000000000000000000001,10000000000000000000100000000000,Unknown : 0.0 count [PASSED],Unknown : 0.0 millisecond [PASSED],"Unknown : 0.0 degree [PASSED]
Unknown : 0.0 degree [PASSED]",0.125 volt,0.765 volt,"((), (False, False, False, False), (False, False, True, True))",EOBD (Europe),0001000000000000000000000000000000000000,10111110001111101011100000010011,10000000000001011010000000000001,01101010110100000000000000000000,11.372549019607844 percent,1622.5 revolutions_per_minute,395.0 second,7.8125 percent,22.0 kilometer_per_hour,<obd.OBDResponse.Status object at 0xf68ea130>,13.333333333333334 percent,20.784313725490197 percent,20.392156862745097 percent,21.0 degree,0.0 count
22,2025-04-22 14:40:06,37.254901960784316 percent,29.41176470588235 percent,15.686274509803921 percent,96 kilopascal,bytearray(b'33920-66R0*'),13.711 volt,90 degree_Celsius,1.0 kilometer,0.0 kilometer,ELM327 v2.1,13.3 volt,57.64705882352941 percent,4.313725490196078 percent,"('Closed loop, using oxygen sensor feedback to determine fuel mix', '')",[],[],37 kilopascal,52 degree_Celsius,0.0 percent,10000000000000000000000000000001,10000000000000000000100000000000,Unknown : 0.0 count [PASSED],Unknown : 0.0 millisecond [PASSED],"Unknown : 0.0 degree [PASSED]
Unknown : 0.0 degree [PASSED]",0.075 volt,0.755 volt,"((), (False, False, False, False), (False, False, True, True))",EOBD (Europe),0001000000000000000000000000000000000000,10111110001111101011100000010011,10000000000001011010000000000001,01101010110100000000000000000000,46.27450980392157 percent,2355.5 revolutions_per_minute,402.0 second,12.5 percent,34.0 kilometer_per_hour,<obd.OBDResponse.Status object at 0xf68866b0>,99.2156862745098 percent,87.84313725490196 percent,87.84313725490196 percent,10.5 degree,0.0 count
23,2025-04-22 14:40:12,80.3921568627451 percent,36.470588235294116 percent,26.274509803921568 percent,96 kilopascal,bytearray(b'33920-66R0*'),13.711 volt,90 degree_Celsius,1.0 kilometer,0.0 kilometer,ELM327 v2.1,13.6 volt,14.509803921568627 percent,0.0 percent,"('Open loop due to engine load OR fuel cut due to deceleration', '')",[],[],30 kilopascal,52 degree_Celsius,0.0 percent,10000000000000000000000000000001,10000000000000000000100000000000,Unknown : 0.0 count [PASSED],Unknown : 0.0 millisecond [PASSED],"Unknown : 0.0 degree [PASSED]
Unknown : 0.0 degree [PASSED]",0.1 volt,0.055 volt,"((), (False, False, False, False), (False, False, True, True))",EOBD (Europe),0001000000000000000000000000000000000000,10111110001111101011100000010011,10000000000001011010000000000001,01101010110100000000000000000000,9.411764705882353 percent,3230.0 revolutions_per_minute,409.0 second,0.0 percent,42.0 kilometer_per_hour,<obd.OBDResponse.Status object at 0xf68eab50>,19.215686274509803 percent,22.352941176470587 percent,20.0 percent,11.0 degree,0.0 count
24,2025-04-22 14:40:19,34.509803921568626 percent,36.86274509803921 percent,18.431372549019606 percent,96 kilopascal,bytearray(b'33920-66R0*'),13.758000000000001 volt,90 degree_Celsius,1.0 kilometer,0.0 kilometer,ELM327 v2.1,13.6 volt,89.01960784313725 percent,0.0 percent,"('Open loop due to engine load OR fuel cut due to deceleration', '')",[],[],94 kilopascal,51 degree_Celsius,0.0 percent,10000000000000000000000000000001,10000000000000000000100000000000,Unknown : 0.0 count [PASSED],Unknown : 0.0 millisecond [PASSED],"Unknown : 0.0 degree [PASSED]
Unknown : 0.0 degree [PASSED]",0.43 volt,0.74 volt,"((), (False, False, False, False), (False, False, True, True))",EOBD (Europe),0001000000000000000000000000000000000000,10111110001111101011100000010011,10000000000001011010000000000001,01101010110100000000000000000000,76.47058823529412 percent,4731.5 revolutions_per_minute,416.0 second,0.0 percent,63.0 kilometer_per_hour,<obd.OBDResponse.Status object at 0xf689e710>,13.72549019607843 percent,20.784313725490197 percent,20.392156862745097 percent,-16.0 degree,0.0 count
25,2025-04-22 14:40:26,19.215686274509803 percent,14.901960784313726 percent,7.450980392156863 percent,96 kilopascal,bytearray(b'33920-66R0*'),14.63 volt,90 degree_Celsius,1.0 kilometer,0.0 kilometer,ELM327 v2.1,13.9 volt,21.96078431372549 percent,0.0 percent,"('Open loop due to engine load OR fuel cut due to deceleration', '')",[],[],32 kilopascal,51 degree_Celsius,0.0 percent,10000000000000000000000000000001,10000000000000000000100000000000,Unknown : 0.0 count [PASSED],Unknown : 0.0 millisecond [PASSED],"Unknown : 0.0 degree [PASSED]
Unknown : 0.0 degree [PASSED]",0.02 volt,0.0 volt,"((), (False, False, False, False), (False, False, True, True))",EOBD (Europe),0001000000000000000000000000000000000000,10111110001111101011100000010011,10000000000001011010000000000001,01101010110100000000000000000000,7.8431372549019605 percent,946.5 revolutions_per_minute,423.0 second,0.0 percent,6.0 kilometer_per_hour,<obd.OBDResponse.Status object at 0xf689e350>,10.196078431372548 percent,16.862745098039216 percent,16.470588235294116 percent,-5.5 degree,0.0 count
26,2025-04-22 14:40:33,67.84313725490196 percent,45.490196078431374 percent,23.92156862745098 percent,96 kilopascal,bytearray(b'33920-66R0*'),13.735 volt,91 degree_Celsius,1.0 kilometer,0.0 kilometer,ELM327 v2.1,13.3 volt,96.47058823529412 percent,0.0 percent,"('Open loop due to engine load OR fuel cut due to deceleration', '')",[],[],95 kilopascal,50 degree_Celsius,0.0 percent,10000000000000000000000000000001,10000000000000000000100000000000,Unknown : 0.0 count [PASSED],Unknown : 0.0 millisecond [PASSED],"Unknown : 0.0 degree [PASSED]
Unknown : 0.0 degree [PASSED]",0.44 volt,0.41 volt,"((), (False, False, False, False), (False, False, True, True))",EOBD (Europe),0001000000000000000000000000000000000000,10111110001111101011100000010011,10000000000001011010000000000001,01101010110100000000000000000000,78.03921568627452 percent,2758.0 revolutions_per_minute,430.0 second,11.71875 percent,40.0 kilometer_per_hour,<obd.OBDResponse.Status object at 0xf68eab50>,100.0 percent,88.23529411764706 percent,87.84313725490196 percent,14.0 degree,0.0 count
27,2025-04-22 14:40:40,64.31372549019608 percent,37.254901960784316 percent,25.49019607843137 percent,96 kilopascal,bytearray(b'33920-66R0*'),13.688 volt,92 degree_Celsius,1.0 kilometer,0.0 kilometer,ELM327 v2.1,13.6 volt,92.15686274509804 percent,0.0 percent,"('Open loop due to engine load OR fuel cut due to deceleration', '')",[],[],93 kilopascal,50 degree_Celsius,0.0 percent,10000000000000000000000000000001,10000000000000000000100000000000,Unknown : 0.0 count [PASSED],Unknown : 0.0 millisecond [PASSED],"Unknown : 0.0 degree [PASSED]
Unknown : 0.0 degree [PASSED]",0.95 volt,0.91 volt,"((), (False, False, False, False), (False, False, True, True))",EOBD (Europe),0001000000000000000000000000000000000000,10111110001111101011100000010011,10000000000001011010000000000001,01101010110100000000000000000000,41.568627450980394 percent,5424.0 revolutions_per_minute,437.0 second,0.0 percent,75.0 kilometer_per_hour,<obd.OBDResponse.Status object at 0xf68861d0>,99.6078431372549 percent,87.84313725490196 percent,87.45098039215686 percent,18.5 degree,0.0 count
28,2025-04-22 14:40:47,16.470588235294116 percent,41.1764705882353 percent,20.392156862745097 percent,96 kilopascal,bytearray(b'33920-66R0*'),13.57 volt,93 degree_Celsius,1.0 kilometer,0.0 kilometer,ELM327 v2.1,13.3 volt,83.92156862745098 percent,0.0 percent,"('Open loop due to engine load OR fuel cut due to deceleration', '')",[],[],87 kilopascal,48 degree_Celsius,0.0 percent,10000000000000000000000000000001,10000000000000000000100000000000,Unknown : 0.0 count [PASSED],Unknown : 0.0 millisecond [PASSED],"Unknown : 0.0 degree [PASSED]
Unknown : 0.0 degree [PASSED]",0.93 volt,0.9 volt,"((), (False, False, False, False), (False, False, True, True))",EOBD (Europe),0001000000000000000000000000000000000000,10111110001111101011100000010011,10000000000001011010000000000001,01101010110100000000000000000000,12.156862745098039 percent,4240.0 revolutions_per_minute,444.0 second,0.0 percent,82.0 kilometer_per_hour,<obd.OBDResponse.Status object at 0xf6886610>,15.294117647058824 percent,21.96078431372549 percent,21.568627450980394 percent,-18.0 degree,0.0 count
29,2025-04-22 14:40:54,18.823529411764707 percent,14.901960784313726 percent,7.450980392156863 percent,96 kilopascal,bytearray(b'33920-66R0*'),14.606 volt,94 degree_Celsius,1.0 kilometer,0.0 kilometer,ELM327 v2.1,14.4 volt,22.745098039215687 percent,0.0 percent,"('Open loop due to engine load OR fuel cut due to deceleration', '')",[],[],34 kilopascal,48 degree_Celsius,0.0 percent,10000000000000000000000000000001,10000000000000000000100000000000,Unknown : 0.0 count [PASSED],Unknown : 0.0 millisecond [PASSED],"Unknown : 0.0 degree [PASSED]
Unknown : 0.0 degree [PASSED]",0.055 volt,0.06 volt,"((), (False, False, False, False), (False, False, True, True))",EOBD (Europe),0001000000000000000000000000000000000000,10111110001111101011100000010011,10000000000001011010000000000001,01101010110100000000000000000000,7.450980392156863 percent,865.5 revolutions_per_minute,451.0 second,2.34375 percent,14.0 kilometer_per_hour,<obd.OBDResponse.Status object at 0xf68866b0>,9.803921568627452 percent,17.647058823529413 percent,17.254901960784313 percent,-4.5 degree,0.0 count
30,2025-04-22 14:41:01,55.68627450980392 percent,32.94117647058823 percent,16.470588235294116 percent,96 kilopascal,bytearray(b'33920-66R0*'),13.876 volt,93 degree_Celsius,1.0 kilometer,0.0 kilometer,ELM327 v2.1,12.8 volt,84.70588235294117 percent,0.0 percent,"('Closed loop, using oxygen sensor feedback to determine fuel mix', '')",[],[],96 kilopascal,48 degree_Celsius,0.0 percent,10000000000000000000000000000001,10000000000000000000100000000000,Unknown : 0.0 count [PASSED],Unknown : 0.0 millisecond [PASSED],"Unknown : 0.0 degree [PASSED]
Unknown : 0.0 degree [PASSED]",0.865 volt,0.095 volt,"((), (False, False, False, False), (False, False, True, True))",EOBD (Europe),0001000000000000000000000000000000000000,10111110001111101011100000010011,10000000000001011010000000000001,01101010110100000000000000000000,12.156862745098039 percent,1070.5 revolutions_per_minute,458.0 second,7.8125 percent,15.0 kilometer_per_hour,<obd.OBDResponse.Status object at 0xf689ec30>,25.88235294117647 percent,38.03921568627451 percent,37.64705882352941 percent,0.0 degree,0.0 count
31,2025-04-22 14:41:08,39.6078431372549 percent,31.372549019607842 percent,15.294117647058824 percent,96 kilopascal,bytearray(b'33920-66R0*'),13.758000000000001 volt,93 degree_Celsius,1.0 kilometer,0.0 kilometer,ELM327 v2.1,13.3 volt,50.98039215686274 percent,0.0 percent,"('Open loop due to engine load OR fuel cut due to deceleration', '')",[],[],40 kilopascal,48 degree_Celsius,0.0 percent,10000000000000000000000000000001,10000000000000000000100000000000,Unknown : 0.0 count [PASSED],Unknown : 0.0 millisecond [PASSED],"Unknown : 0.0 degree [PASSED]
Unknown : 0.0 degree [PASSED]",0.11 volt,0.16 volt,"((), (False, False, False, False), (False, False, True, True))",EOBD (Europe),0001000000000000000000000000000000000000,10111110001111101011100000010011,10000000000001011010000000000001,01101010110100000000000000000000,14.117647058823529 percent,1983.0 revolutions_per_minute,465.0 second,0.0 percent,27.0 kilometer_per_hour,<obd.OBDResponse.Status object at 0xf68861d0>,18.03921568627451 percent,24.313725490196077 percent,23.92156862745098 percent,3.5 degree,0.0 count
32,2025-04-22 14:41:15,15.686274509803921 percent,27.45098039215686 percent,13.72549019607843 percent,96 kilopascal,bytearray(b'33920-66R0*'),13.735 volt,92 degree_Celsius,2.0 kilometer,0.0 kilometer,ELM327 v2.1,13.3 volt,41.96078431372549 percent,0.0 percent,"('Closed loop, using oxygen sensor feedback to determine fuel mix', '')",[],[],44 kilopascal,49 degree_Celsius,0.0 percent,10000000000000000000000000000001,10000000000000000000100000000000,Unknown : 0.0 count [PASSED],Unknown : 0.0 millisecond [PASSED],"Unknown : 0.0 degree [PASSED]
Unknown : 0.0 degree [PASSED]",0.115 volt,0.185 volt,"((), (False, False, False, False), (False, False, True, True))",EOBD (Europe),0001000000000000000000000000000000000000,10111110001111101011100000010011,10000000000001011010000000000001,01101010110100000000000000000000,10.196078431372548 percent,2243.5 revolutions_per_minute,472.0 second,0.0 percent,33.0 kilometer_per_hour,<obd.OBDResponse.Status object at 0xf68eabf0>,10.196078431372548 percent,18.03921568627451 percent,18.03921568627451 percent,-1.0 degree,0.0 count
33,2025-04-22 14:41:22,53.72549019607843 percent,38.03921568627451 percent,19.215686274509803 percent,96 kilopascal,bytearray(b'33920-66R0*'),N/A,91 degree_Celsius,2.0 kilometer,0.0 kilometer,ELM327 v2.1,13.3 volt,81.56862745098039 percent,0.0 percent,"('Open loop due to engine load OR fuel cut due to deceleration', '')",[],[],74 kilopascal,50 degree_Celsius,0.0 percent,10000000000000000000000000000001,10000000000000000000100000000000,Unknown : 0.0 count [PASSED],Unknown : 0.0 millisecond [PASSED],"Unknown : 0.0 degree [PASSED]
Unknown : 0.0 degree [PASSED]",0.31 volt,0.225 volt,"((), (False, False, False, False), (False, False, True, True))",EOBD (Europe),0001000000000000000000000000000000000000,10111110001111101011100000010011,10000000000001011010000000000001,01101010110100000000000000000000,7.8431372549019605 percent,1967.5 revolutions_per_minute,479.0 second,0.0 percent,40.0 kilometer_per_hour,<obd.OBDResponse.Status object at 0xf68eab50>,13.72549019607843 percent,23.92156862745098 percent,23.92156862745098 percent,18.0 degree,0.0 count
34,2025-04-22 14:41:29,66.66666666666667 percent,43.529411764705884 percent,21.96078431372549 percent,96 kilopascal,bytearray(b'33920-66R0*'),13.711 volt,92 degree_Celsius,2.0 kilometer,0.0 kilometer,ELM327 v2.1,13.4 volt,28.627450980392158 percent,0.0 percent,"('Closed loop, using oxygen sensor feedback to determine fuel mix', '')",[],[],25 kilopascal,50 degree_Celsius,0.0 percent,10000000000000000000000000000001,10000000000000000000100000000000,Unknown : 0.0 count [PASSED],Unknown : 0.0 millisecond [PASSED],"Unknown : 0.0 degree [PASSED]
Unknown : 0.0 degree [PASSED]",0.04 volt,0.73 volt,"((), (False, False, False, False), (False, False, True, True))",EOBD (Europe),0001000000000000000000000000000000000000,10111110001111101011100000010011,10000000000001011010000000000001,01101010110100000000000000000000,8.627450980392156 percent,1970.5 revolutions_per_minute,486.0 second,0.0 percent,39.0 kilometer_per_hour,<obd.OBDResponse.Status object at 0xf6886290>,10.588235294117647 percent,18.431372549019606 percent,18.03921568627451 percent,-26.5 degree,0.0 count
35,2025-04-22 14:41:36,26.666666666666668 percent,14.901960784313726 percent,7.450980392156863 percent,96 kilopascal,bytearray(b'33920-66R0*'),13.64 volt,91 degree_Celsius,2.0 kilometer,0.0 kilometer,ELM327 v2.1,13.2 volt,39.6078431372549 percent,0.0 percent,"('Open loop due to engine load OR fuel cut due to deceleration', '')",[],[],47 kilopascal,49 degree_Celsius,0.0 percent,10000000000000000000000000000001,10000000000000000000100000000000,Unknown : 0.0 count [PASSED],Unknown : 0.0 millisecond [PASSED],"Unknown : 0.0 degree [PASSED]
Unknown : 0.0 degree [PASSED]",0.805 volt,0.13 volt,"((), (False, False, False, False), (False, False, True, True))",EOBD (Europe),0001000000000000000000000000000000000000,10111110001111101011100000010011,10000000000001011010000000000001,01101010110100000000000000000000,7.450980392156863 percent,843.0 revolutions_per_minute,493.0 second,3.90625 percent,7.0 kilometer_per_hour,<obd.OBDResponse.Status object at 0xf68cd130>,9.803921568627452 percent,17.647058823529413 percent,15.686274509803921 percent,1.5 degree,0.0 count
36,2025-04-22 14:41:43,54.11764705882353 percent,32.15686274509804 percent,14.901960784313726 percent,96 kilopascal,bytearray(b'33920-66R0*'),13.829 volt,91 degree_Celsius,2.0 kilometer,0.0 kilometer,ELM327 v2.1,13.6 volt,87.05882352941177 percent,0.0 percent,"('Open loop due to engine load OR fuel cut due to deceleration', '')",[],[],87 kilopascal,50 degree_Celsius,0.0 percent,10000000000000000000000000000001,10000000000000000000100000000000,Unknown : 0.0 count [PASSED],Unknown : 0.0 millisecond [PASSED],"Unknown : 0.0 degree [PASSED]
Unknown : 0.0 degree [PASSED]",0.12 volt,0.39 volt,"((), (False, False, False, False), (False, False, True, True))",EOBD (Europe),0001000000000000000000000000000000000000,10111110001111101011100000010011,10000000000001011010000000000001,01101010110100000000000000000000,7.8431372549019605 percent,1324.5 revolutions_per_minute,500.0 second,0.0 percent,31.0 kilometer_per_hour,<obd.OBDResponse.Status object at 0xf68eab50>,18.823529411764707 percent,24.705882352941178 percent,25.88235294117647 percent,5.0 degree,0.0 count
37,2025-04-22 14:41:50,77.25490196078431 percent,47.05882352941177 percent,23.529411764705884 percent,96 kilopascal,bytearray(b'33920-66R0*'),13.664 volt,91 degree_Celsius,2.0 kilometer,0.0 kilometer,ELM327 v2.1,13.2 volt,99.2156862745098 percent,0.0 percent,"('Closed loop, using oxygen sensor feedback to determine fuel mix', '')",[],[],64 kilopascal,50 degree_Celsius,0.0 percent,10000000000000000000000000000001,10000000000000000000100000000000,Unknown : 0.0 count [PASSED],Unknown : 0.0 millisecond [PASSED],"Unknown : 0.0 degree [PASSED]
Unknown : 0.0 degree [PASSED]",0.075 volt,0.435 volt,"((), (False, False, False, False), (False, False, True, True))",EOBD (Europe),0001000000000000000000000000000000000000,10111110001111101011100000010011,10000000000001011010000000000001,01101010110100000000000000000000,8.235294117647058 percent,1991.0 revolutions_per_minute,507.0 second,0.0 percent,40.0 kilometer_per_hour,<obd.OBDResponse.Status object at 0xf68861d0>,18.431372549019606 percent,18.431372549019606 percent,18.03921568627451 percent,12.5 degree,0.0 count
38,2025-04-22 14:41:57,17.254901960784313 percent,14.901960784313726 percent,7.450980392156863 percent,96 kilopascal,bytearray(b'33920-66R0*'),13.97 volt,90 degree_Celsius,2.0 kilometer,0.0 kilometer,ELM327 v2.1,13.8 volt,34.90196078431372 percent,0.0 percent,"('Open loop due to engine load OR fuel cut due to deceleration', '')",[],[],41 kilopascal,50 degree_Celsius,0.0 percent,10000000000000000000000000000001,10000000000000000000100000000000,Unknown : 0.0 count [PASSED],Unknown : 0.0 millisecond [PASSED],"Unknown : 0.0 degree [PASSED]
Unknown : 0.0 degree [PASSED]",0.805 volt,0.11 volt,"((), (False, False, False, False), (False, False, True, True))",EOBD (Europe),0001000000000000000000000000000000000000,10111110001111101011100000010011,10000000000001011010000000000001,01101010110100000000000000000000,7.450980392156863 percent,840.0 revolutions_per_minute,514.0 second,0.0 percent,6.0 kilometer_per_hour,<obd.OBDResponse.Status object at 0xf68ead90>,9.803921568627452 percent,17.647058823529413 percent,17.254901960784313 percent,6.0 degree,0.0 count
39,2025-04-22 14:42:04,52.94117647058823 percent,32.94117647058823 percent,16.862745098039216 percent,96 kilopascal,bytearray(b'33920-66R0*'),13.311 volt,90 degree_Celsius,2.0 kilometer,0.0 kilometer,ELM327 v2.1,13.1 volt,92.94117647058823 percent,0.0 percent,"('Open loop due to engine load OR fuel cut due to deceleration', '')",[],[],96 kilopascal,50 degree_Celsius,0.0 percent,10000000000000000000000000000001,10000000000000000000100000000000,Unknown : 0.0 count [PASSED],Unknown : 0.0 millisecond [PASSED],"Unknown : 0.0 degree [PASSED]
Unknown : 0.0 degree [PASSED]",0.55 volt,0.385 volt,"((), (False, False, False, False), (False, False, True, True))",EOBD (Europe),0001000000000000000000000000000000000000,10111110001111101011100000010011,10000000000001011010000000000001,01101010110100000000000000000000,8.627450980392156 percent,1851.0 revolutions_per_minute,521.0 second,7.8125 percent,25.0 kilometer_per_hour,<obd.OBDResponse.Status object at 0xf68eabf0>,9.411764705882353 percent,17.647058823529413 percent,17.254901960784313 percent,-7.0 degree,0.0 count
40,2025-04-22 14:42:11,31.372549019607842 percent,14.901960784313726 percent,7.450980392156863 percent,96 kilopascal,bytearray(b'33920-66R0*'),13.499 volt,91 degree_Celsius,2.0 kilometer,0.0 kilometer,ELM327 v2.1,13.2 volt,78.03921568627452 percent,0.0 percent,"('Closed loop, using oxygen sensor feedback to determine fuel mix', '')",[],[],95 kilopascal,51 degree_Celsius,0.0 percent,10000000000000000000000000000001,10000000000000000000100000000000,Unknown : 0.0 count [PASSED],Unknown : 0.0 millisecond [PASSED],"Unknown : 0.0 degree [PASSED]
Unknown : 0.0 degree [PASSED]",0.22 volt,0.395 volt,"((), (False, False, False, False), (False, False, True, True))",EOBD (Europe),0001000000000000000000000000000000000000,10111110001111101011100000010011,10000000000001011010000000000001,01101010110100000000000000000000,25.88235294117647 percent,2054.5 revolutions_per_minute,528.0 second,0.0 percent,28.0 kilometer_per_hour,<obd.OBDResponse.Status object at 0xf68eab50>,9.803921568627452 percent,18.03921568627451 percent,17.647058823529413 percent,15.0 degree,0.0 count
41,2025-04-22 14:42:18,70.19607843137254 percent,45.88235294117647 percent,23.529411764705884 percent,96 kilopascal,bytearray(b'33920-66R0*'),13.546000000000001 volt,90 degree_Celsius,2.0 kilometer,0.0 kilometer,ELM327 v2.1,13.5 volt,99.6078431372549 percent,0.0 percent,"('Closed loop, using oxygen sensor feedback to determine fuel mix', '')",[],[],95 kilopascal,51 degree_Celsius,0.0 percent,10000000000000000000000000000001,10000000000000000000100000000000,Unknown : 0.0 count [PASSED],Unknown : 0.0 millisecond [PASSED],"Unknown : 0.0 degree [PASSED]
Unknown : 0.0 degree [PASSED]",0.895 volt,0.745 volt,"((), (False, False, False, False), (False, False, True, True))",EOBD (Europe),0001000000000000000000000000000000000000,10111110001111101011100000010011,10000000000001011010000000000001,01101010110100000000000000000000,7.450980392156863 percent,1698.5 revolutions_per_minute,535.0 second,0.0 percent,34.0 kilometer_per_hour,<obd.OBDResponse.Status object at 0xf68eab50>,13.333333333333334 percent,19.215686274509803 percent,17.254901960784313 percent,15.5 degree,0.0 count
42,2025-04-22 14:42:25,23.137254901960784 percent,14.901960784313726 percent,7.450980392156863 percent,96 kilopascal,bytearray(b'33920-66R0*'),13.711 volt,90 degree_Celsius,2.0 kilometer,0.0 kilometer,ELM327 v2.1,13.5 volt,39.21568627450981 percent,0.0 percent,"('Closed loop, using oxygen sensor feedback to determine fuel mix', '')",[],[],46 kilopascal,51 degree_Celsius,0.0 percent,10000000000000000000000000000001,10000000000000000000100000000000,Unknown : 0.0 count [PASSED],Unknown : 0.0 millisecond [PASSED],"Unknown : 0.0 degree [PASSED]
Unknown : 0.0 degree [PASSED]",0.035 volt,0.74 volt,"((), (False, False, False, False), (False, False, True, True))",EOBD (Europe),0001000000000000000000000000000000000000,10111110001111101011100000010011,10000000000001011010000000000001,01101010110100000000000000000000,37.64705882352941 percent,951.0 revolutions_per_minute,542.0 second,3.125 percent,13.0 kilometer_per_hour,<obd.OBDResponse.Status object at 0xf68eab90>,10.980392156862745 percent,20.0 percent,19.607843137254903 percent,12.0 degree,0.0 count
43,2025-04-22 14:42:32,45.88235294117647 percent,20.0 percent,14.901960784313726 percent,96 kilopascal,bytearray(b'33920-66R0*'),13.688 volt,91 degree_Celsius,2.0 kilometer,0.0 kilometer,ELM327 v2.1,13.6 volt,38.8235294117647 percent,0.0 percent,"('Closed loop, using oxygen sensor feedback to determine fuel mix', '')",[],[],60 kilopascal,51 degree_Celsius,0.0 percent,10000000000000000000000000000001,10000000000000000000100000000000,Unknown : 0.0 count [PASSED],Unknown : 0.0 millisecond [PASSED],"Unknown : 0.0 degree [PASSED]
Unknown : 0.0 degree [PASSED]",0.115 volt,0.72 volt,"((), (False, False, False, False), (False, False, True, True))",EOBD (Europe),0001000000000000000000000000000000000000,10111110001111101011100000010011,10000000000001011010000000000001,01101010110100000000000000000000,8.235294117647058 percent,1919.0 revolutions_per_minute,549.0 second,1.5625 percent,25.0 kilometer_per_hour,<obd.OBDResponse.Status object at 0xf68ead90>,15.686274509803921 percent,22.352941176470587 percent,20.392156862745097 percent,1.5 degree,0.0 count
44,2025-04-22 14:42:39,42.745098039215684 percent,33.72549019607843 percent,14.901960784313726 percent,96 kilopascal,bytearray(b'33920-66R0*'),13.805 volt,90 degree_Celsius,2.0 kilometer,0.0 kilometer,ELM327 v2.1,13.5 volt,38.8235294117647 percent,0.0 percent,"('Closed loop, using oxygen sensor feedback to determine fuel mix', '')",[],[],63 kilopascal,52 degree_Celsius,0.0 percent,10000000000000000000000000000001,10000000000000000000100000000000,Unknown : 0.0 count [PASSED],Unknown : 0.0 millisecond [PASSED],"Unknown : 0.0 degree [PASSED]
Unknown : 0.0 degree [PASSED]",0.18 volt,0.75 volt,"((), (False, False, False, False), (False, False, True, True))",EOBD (Europe),0001000000000000000000000000000000000000,10111110001111101011100000010011,10000000000001011010000000000001,01101010110100000000000000000000,15.686274509803921 percent,2326.5 revolutions_per_minute,556.0 second,7.8125 percent,32.0 kilometer_per_hour,<obd.OBDResponse.Status object at 0xf68861d0>,24.313725490196077 percent,29.41176470588235 percent,23.137254901960784 percent,-1.0 degree,0.0 count
45,2025-04-22 14:42:46,30.588235294117645 percent,31.372549019607842 percent,16.862745098039216 percent,96 kilopascal,bytearray(b'33920-66R0*'),13.758000000000001 volt,90 degree_Celsius,2.0 kilometer,0.0 kilometer,ELM327 v2.1,13.6 volt,84.31372549019608 percent,0.0 percent,"('Closed loop, using oxygen sensor feedback to determine fuel mix', '')",[],[],79 kilopascal,52 degree_Celsius,0.0 percent,10000000000000000000000000000001,10000000000000000000100000000000,Unknown : 0.0 count [PASSED],Unknown : 0.0 millisecond [PASSED],"Unknown : 0.0 degree [PASSED]
Unknown : 0.0 degree [PASSED]",0.8 volt,0.75 volt,"((), (False, False, False, False), (False, False, True, True))",EOBD (Europe),0001000000000000000000000000000000000000,10111110001111101011100000010011,10000000000001011010000000000001,01101010110100000000000000000000,22.745098039215687 percent,1969.5 revolutions_per_minute,563.0 second,3.125 percent,41.0 kilometer_per_hour,<obd.OBDResponse.Status object at 0xf68eabf0>,12.941176470588236 percent,19.607843137254903 percent,20.0 percent,17.0 degree,0.0 count
46,2025-04-22 14:42:53,59.6078431372549 percent,37.64705882352941 percent,18.823529411764707 percent,96 kilopascal,bytearray(b'33920-66R0*'),13.688 volt,91 degree_Celsius,2.0 kilometer,0.0 kilometer,ELM327 v2.1,13.3 volt,21.96078431372549 percent,0.0 percent,"('Open loop due to engine load OR fuel cut due to deceleration', '')",[],[],35 kilopascal,52 degree_Celsius,0.0 percent,10000000000000000000000000000001,10000000000000000000100000000000,Unknown : 0.0 count [PASSED],Unknown : 0.0 millisecond [PASSED],"Unknown : 0.0 degree [PASSED]
Unknown : 0.0 degree [PASSED]",0.12 volt,0.765 volt,"((), (False, False, False, False), (False, False, True, True))",EOBD (Europe),0001000000000000000000000000000000000000,10111110001111101011100000010011,10000000000001011010000000000001,01101010110100000000000000000000,8.235294117647058 percent,1694.5 revolutions_per_minute,570.0 second,5.46875 percent,47.0 kilometer_per_hour,<obd.OBDResponse.Status object at 0xf68eab90>,12.941176470588236 percent,20.392156862745097 percent,20.0 percent,14.0 degree,0.0 count
47,2025-04-22 14:43:00,52.94117647058823 percent,41.96078431372549 percent,21.568627450980394 percent,96 kilopascal,bytearray(b'33920-66R0*'),13.735 volt,92 degree_Celsius,2.0 kilometer,0.0 kilometer,ELM327 v2.1,13.6 volt,85.88235294117646 percent,0.0 percent,"('Closed loop, using oxygen sensor feedback to determine fuel mix', '')",[],[],71 kilopascal,52 degree_Celsius,0.0 percent,10000000000000000000000000000001,10000000000000000000100000000000,Unknown : 0.0 count [PASSED],Unknown : 0.0 millisecond [PASSED],"Unknown : 0.0 degree [PASSED]
Unknown : 0.0 degree [PASSED]",0.105 volt,0.765 volt,"((), (False, False, False, False), (False, False, True, True))",EOBD (Europe),0001000000000000000000000000000000000000,10111110001111101011100000010011,10000000000001011010000000000001,01101010110100000000000000000000,16.862745098039216 percent,1875.0 revolutions_per_minute,577.0 second,2.34375 percent,53.0 kilometer_per_hour,<obd.OBDResponse.Status object at 0xf68eab90>,9.803921568627452 percent,17.647058823529413 percent,17.647058823529413 percent,31.5 degree,0.0 count
48,2025-04-22 14:43:07,36.86274509803921 percent,28.235294117647058 percent,14.117647058823529 percent,96 kilopascal,bytearray(b'33920-66R0*'),13.758000000000001 volt,92 degree_Celsius,2.0 kilometer,0.0 kilometer,ELM327 v2.1,13.1 volt,38.03921568627451 percent,0.0 percent,"('Closed loop, using oxygen sensor feedback to determine fuel mix', '')",[],[],42 kilopascal,51 degree_Celsius,0.0 percent,10000000000000000000000000000001,10000000000000000000100000000000,Unknown : 0.0 count [PASSED],Unknown : 0.0 millisecond [PASSED],"Unknown : 0.0 degree [PASSED]
Unknown : 0.0 degree [PASSED]",0.745 volt,0.755 volt,"((), (False, False, False, False), (False, False, True, True))",EOBD (Europe),0001000000000000000000000000000000000000,10111110001111101011100000010011,10000000000001011010000000000001,01101010110100000000000000000000,7.8431372549019605 percent,1762.0 revolutions_per_minute,584.0 second,0.0 percent,48.0 kilometer_per_hour,<obd.OBDResponse.Status object at 0xf68862f0>,10.196078431372548 percent,19.215686274509803 percent,18.823529411764707 percent,16.5 degree,0.0 count
49,2025-04-22 14:43:14,56.470588235294116 percent,40.0 percent,20.0 percent,96 kilopascal,bytearray(b'33920-66R0*'),13.711 volt,91 degree_Celsius,3.0 kilometer,0.0 kilometer,ELM327 v2.1,13.6 volt,74.50980392156863 percent,0.0 percent,"('Closed loop, using oxygen sensor feedback to determine fuel mix', '')",[],[],75 kilopascal,51 degree_Celsius,0.0 percent,10000000000000000000000000000001,10000000000000000000100000000000,Unknown : 0.0 count [PASSED],Unknown : 0.0 millisecond [PASSED],"Unknown : 0.0 degree [PASSED]
Unknown : 0.0 degree [PASSED]",0.775 volt,0.665 volt,"((), (False, False, False, False), (False, False, True, True))",EOBD (Europe),0001000000000000000000000000000000000000,10111110001111101011100000010011,10000000000001011010000000000001,01101010110100000000000000000000,46.666666666666664 percent,1914.5 revolutions_per_minute,591.0 second,8.59375 percent,54.0 kilometer_per_hour,<obd.OBDResponse.Status object at 0xf68ea130>,44.31372549019608 percent,41.96078431372549 percent,38.431372549019606 percent,7.5 degree,0.0 count
50,2025-04-22 14:43:21,71.37254901960785 percent,44.31372549019608 percent,22.352941176470587 percent,96 kilopascal,bytearray(b'33920-66R0*'),13.711 volt,91 degree_Celsius,3.0 kilometer,0.0 kilometer,ELM327 v2.1,13.2 volt,78.82352941176471 percent,0.0 percent,"('Closed loop, using oxygen sensor feedback to determine fuel mix', '')",[],[],83 kilopascal,51 degree_Celsius,0.0 percent,10000000000000000000000000000001,10000000000000000000100000000000,Unknown : 0.0 count [PASSED],Unknown : 0.0 millisecond [PASSED],"Unknown : 0.0 degree [PASSED]
Unknown : 0.0 degree [PASSED]",0.81 volt,0.67 volt,"((), (False, False, False, False), (False, False, True, True))",EOBD (Europe),0001000000000000000000000000000000000000,10111110001111101011100000010011,10000000000001011010000000000001,01101010110100000000000000000000,8.235294117647058 percent,2215.5 revolutions_per_minute,598.0 second,0.0 percent,61.0 kilometer_per_hour,<obd.OBDResponse.Status object at 0xf68cd130>,9.411764705882353 percent,18.03921568627451 percent,18.03921568627451 percent,4.5 degree,0.0 count
51,2025-04-22 14:43:28,18.03921568627451 percent,14.901960784313726 percent,7.450980392156863 percent,96 kilopascal,bytearray(b'33920-66R0*'),14.677 volt,91 degree_Celsius,3.0 kilometer,0.0 kilometer,ELM327 v2.1,13.4 volt,30.19607843137255 percent,0.0 percent,"('Open loop due to engine load OR fuel cut due to deceleration', '')",[],[],44 kilopascal,51 degree_Celsius,0.0 percent,10000000000000000000000000000001,10000000000000000000100000000000,Unknown : 0.0 count [PASSED],Unknown : 0.0 millisecond [PASSED],"Unknown : 0.0 degree [PASSED]
Unknown : 0.0 degree [PASSED]",0.705 volt,0.125 volt,"((), (False, False, False, False), (False, False, True, True))",EOBD (Europe),0001000000000000000000000000000000000000,10111110001111101011100000010011,10000000000001011010000000000001,01101010110100000000000000000000,7.8431372549019605 percent,1789.5 revolutions_per_minute,605.0 second,0.0 percent,49.0 kilometer_per_hour,<obd.OBDResponse.Status object at 0xf68eab50>,9.803921568627452 percent,17.647058823529413 percent,17.647058823529413 percent,-1.0 degree,0.0 count
52,2025-04-22 14:43:35,17.647058823529413 percent,24.313725490196077 percent,12.156862745098039 percent,96 kilopascal,bytearray(b'33920-66R0*'),13.805 volt,90 degree_Celsius,3.0 kilometer,0.0 kilometer,ELM327 v2.1,13.2 volt,23.92156862745098 percent,0.0 percent,"('Open loop due to engine load OR fuel cut due to deceleration', '')",[],[],45 kilopascal,51 degree_Celsius,0.0 percent,10000000000000000000000000000001,10000000000000000000100000000000,Unknown : 0.0 count [PASSED],Unknown : 0.0 millisecond [PASSED],"Unknown : 0.0 degree [PASSED]
Unknown : 0.0 degree [PASSED]",0.86 volt,0.155 volt,"((), (False, False, False, False), (False, False, True, True))",EOBD (Europe),0001000000000000000000000000000000000000,10111110001111101011100000010011,10000000000001011010000000000001,01101010110100000000000000000000,7.8431372549019605 percent,1359.5 revolutions_per_minute,612.0 second,0.0 percent,39.0 kilometer_per_hour,<obd.OBDResponse.Status object at 0xf689e710>,9.803921568627452 percent,17.647058823529413 percent,17.254901960784313 percent,13.5 degree,0.0 count
53,2025-04-22 14:43:42,15.294117647058822 percent,14.901960784313726 percent,9.019607843137255 percent,96 kilopascal,bytearray(b'33920-66R0*'),13.711 volt,90 degree_Celsius,3.0 kilometer,0.0 kilometer,ELM327 v2.1,13.5 volt,90.98039215686275 percent,0.0 percent,"('Open loop due to engine load OR fuel cut due to deceleration', '')",[],[],95 kilopascal,51 degree_Celsius,0.0 percent,10000000000000000000000000000001,10000000000000000000100000000000,Unknown : 0.0 count [PASSED],Unknown : 0.0 millisecond [PASSED],"Unknown : 0.0 degree [PASSED]
Unknown : 0.0 degree [PASSED]",0.18 volt,0.67 volt,"((), (False, False, False, False), (False, False, True, True))",EOBD (Europe),0001000000000000000000000000000000000000,10111110001111101011100000010011,10000000000001011010000000000001,01101010110100000000000000000000,78.03921568627452 percent,4008.0 revolutions_per_minute,619.0 second,3.125 percent,56.0 kilometer_per_hour,<obd.OBDResponse.Status object at 0xf68ead90>,57.64705882352941 percent,52.549019607843135 percent,40.0 percent,18.5 degree,0.0 count
54,2025-04-22 14:43:49,83.52941176470588 percent,61.568627450980394 percent,30.980392156862745 percent,96 kilopascal,bytearray(b'33920-66R0*'),13.593 volt,90 degree_Celsius,3.0 kilometer,0.0 kilometer,ELM327 v2.1,13.1 volt,96.47058823529412 percent,0.0 percent,"('Open loop due to engine load OR fuel cut due to deceleration', '')",[],[],94 kilopascal,50 degree_Celsius,0.0 percent,10000000000000000000000000000001,10000000000000000000100000000000,Unknown : 0.0 count [PASSED],Unknown : 0.0 millisecond [PASSED],"Unknown : 0.0 degree [PASSED]
Unknown : 0.0 degree [PASSED]",0.93 volt,0.91 volt,"((), (False, False, False, False), (False, False, True, True))",EOBD (Europe),0001000000000000000000000000000000000000,10111110001111101011100000010011,10000000000001011010000000000001,01101010110100000000000000000000,20.0 percent,6206.0 revolutions_per_minute,626.0 second,0.0 percent,81.0 kilometer_per_hour,<obd.OBDResponse.Status object at 0xf689e350>,18.431372549019606 percent,23.92156862745098 percent,23.529411764705884 percent,-10.5 degree,0.0 count
55,2025-04-22 14:43:56,19.215686274509803 percent,14.901960784313726 percent,7.450980392156863 percent,96 kilopascal,bytearray(b'33920-66R0*'),14.677 volt,93 degree_Celsius,3.0 kilometer,0.0 kilometer,ELM327 v2.1,14.2 volt,21.568627450980394 percent,0.0 percent,"('Open loop due to engine load OR fuel cut due to deceleration', '')",[],[],33 kilopascal,48 degree_Celsius,0.0 percent,10000000000000000000000000000001,10000000000000000000100000000000,Unknown : 0.0 count [PASSED],Unknown : 0.0 millisecond [PASSED],"Unknown : 0.0 degree [PASSED]
Unknown : 0.0 degree [PASSED]",0.16 volt,0.11 volt,"((), (False, False, False, False), (False, False, True, True))",EOBD (Europe),0001000000000000000000000000000000000000,10111110001111101011100000010011,10000000000001011010000000000001,01101010110100000000000000000000,63.529411764705884 percent,2671.5 revolutions_per_minute,633.0 second,3.90625 percent,55.0 kilometer_per_hour,<obd.OBDResponse.Status object at 0xf68cd130>,11.372549019607844 percent,18.431372549019606 percent,18.431372549019606 percent,4.5 degree,0.0 count
56,2025-04-22 14:44:04,18.03921568627451 percent,14.901960784313726 percent,7.450980392156863 percent,96 kilopascal,bytearray(b'33920-66R0*'),14.677 volt,93 degree_Celsius,3.0 kilometer,0.0 kilometer,ELM327 v2.1,14.4 volt,23.529411764705884 percent,0.0 percent,"('Open loop due to engine load OR fuel cut due to deceleration', '')",[],[],31 kilopascal,48 degree_Celsius,0.0 percent,10000000000000000000000000000001,10000000000000000000100000000000,Unknown : 0.0 count [PASSED],Unknown : 0.0 millisecond [PASSED],"Unknown : 0.0 degree [PASSED]
Unknown : 0.0 degree [PASSED]",0.045 volt,0.05 volt,"((), (False, False, False, False), (False, False, True, True))",EOBD (Europe),0001000000000000000000000000000000000000,10111110001111101011100000010011,10000000000001011010000000000001,01101010110100000000000000000000,6.2745098039215685 percent,1576.0 revolutions_per_minute,640.0 second,0.0 percent,21.0 kilometer_per_hour,<obd.OBDResponse.Status object at 0xf68862f0>,9.019607843137255 percent,16.862745098039216 percent,16.470588235294116 percent,-24.0 degree,0.0 count
57,2025-04-22 14:44:11,32.15686274509804 percent,14.901960784313726 percent,7.450980392156863 percent,96 kilopascal,bytearray(b'33920-66R0*'),13.099 volt,92 degree_Celsius,3.0 kilometer,0.0 kilometer,ELM327 v2.1,13.1 volt,55.294117647058826 percent,0.0 percent,"('Closed loop, using oxygen sensor feedback to determine fuel mix', '')",[],[],83 kilopascal,48 degree_Celsius,0.0 percent,10000000000000000000000000000001,10000000000000000000100000000000,Unknown : 0.0 count [PASSED],Unknown : 0.0 millisecond [PASSED],"Unknown : 0.0 degree [PASSED]
Unknown : 0.0 degree [PASSED]",0.075 volt,0.095 volt,"((), (False, False, False, False), (False, False, True, True))",EOBD (Europe),0001000000000000000000000000000000000000,10111110001111101011100000010011,10000000000001011010000000000001,01101010110100000000000000000000,14.117647058823529 percent,1435.5 revolutions_per_minute,647.0 second,5.46875 percent,21.0 kilometer_per_hour,<obd.OBDResponse.Status object at 0xf689ec30>,65.88235294117646 percent,60.0 percent,74.90196078431373 percent,5.0 degree,0.0 count
58,2025-04-22 14:44:18,21.176470588235293 percent,14.901960784313726 percent,14.901960784313726 percent,96 kilopascal,bytearray(b'33920-66R0*'),13.711 volt,93 degree_Celsius,3.0 kilometer,0.0 kilometer,ELM327 v2.1,13.6 volt,96.47058823529412 percent,0.0 percent,"('Open loop due to engine load OR fuel cut due to deceleration', '')",[],[],95 kilopascal,49 degree_Celsius,0.0 percent,10000000000000000000000000000001,10000000000000000000100000000000,Unknown : 0.0 count [PASSED],Unknown : 0.0 millisecond [PASSED],"Unknown : 0.0 degree [PASSED]
Unknown : 0.0 degree [PASSED]",0.08 volt,0.375 volt,"((), (False, False, False, False), (False, False, True, True))",EOBD (Europe),0001000000000000000000000000000000000000,10111110001111101011100000010011,10000000000001011010000000000001,01101010110100000000000000000000,7.8431372549019605 percent,1607.5 revolutions_per_minute,654.0 second,0.0 percent,31.0 kilometer_per_hour,<obd.OBDResponse.Status object at 0xf6886290>,10.196078431372548 percent,18.03921568627451 percent,17.647058823529413 percent,9.0 degree,0.0 count
59,2025-04-22 14:44:25,25.49019607843137 percent,14.901960784313726 percent,7.450980392156863 percent,96 kilopascal,bytearray(b'33920-66R0*'),13.075000000000001 volt,93 degree_Celsius,3.0 kilometer,0.0 kilometer,ELM327 v2.1,13.0 volt,48.627450980392155 percent,0.0 percent,"('Closed loop, using oxygen sensor feedback to determine fuel mix', '')",[],[],72 kilopascal,50 degree_Celsius,0.0 percent,10000000000000000000000000000001,10000000000000000000100000000000,Unknown : 0.0 count [PASSED],Unknown : 0.0 millisecond [PASSED],"Unknown : 0.0 degree [PASSED]
Unknown : 0.0 degree [PASSED]",0.095 volt,0.205 volt,"((), (False, False, False, False), (False, False, True, True))",EOBD (Europe),0001000000000000000000000000000000000000,10111110001111101011100000010011,10000000000001011010000000000001,01101010110100000000000000000000,8.627450980392156 percent,1221.0 revolutions_per_minute,661.0 second,4.6875 percent,9.0 kilometer_per_hour,<obd.OBDResponse.Status object at 0xf68866b0>,10.196078431372548 percent,18.03921568627451 percent,18.03921568627451 percent,0.0 degree,0.0 count
60,2025-04-22 14:44:32,38.431372549019606 percent,24.313725490196077 percent,12.549019607843137 percent,96 kilopascal,bytearray(b'33920-66R0*'),12.604000000000001 volt,93 degree_Celsius,3.0 kilometer,0.0 kilometer,ELM327 v2.1,13.2 volt,92.94117647058823 percent,8.235294117647058 percent,"('Closed loop, using oxygen sensor feedback to determine fuel mix', '')",[],[],96 kilopascal,50 degree_Celsius,0.0 percent,10000000000000000000000000000001,10000000000000000000100000000000,Unknown : 0.0 count [PASSED],Unknown : 0.0 millisecond [PASSED],"Unknown : 0.0 degree [PASSED]
Unknown : 0.0 degree [PASSED]",0.12 volt,0.74 volt,"((), (False, False, False, False), (False, False, True, True))",EOBD (Europe),0001000000000000000000000000000000000000,10111110001111101011100000010011,10000000000001011010000000000001,01101010110100000000000000000000,46.27450980392157 percent,1892.0 revolutions_per_minute,668.0 second,7.03125 percent,26.0 kilometer_per_hour,<obd.OBDResponse.Status object at 0xf68eab50>,9.411764705882353 percent,17.254901960784313 percent,17.254901960784313 percent,3.0 degree,0.0 count
61,2025-04-22 14:44:39,17.647058823529413 percent,14.901960784313726 percent,7.450980392156863 percent,96 kilopascal,bytearray(b'33920-66R0*'),13.735 volt,92 degree_Celsius,4.0 kilometer,0.0 kilometer,ELM327 v2.1,13.6 volt,36.470588235294116 percent,0.0 percent,"('Open loop due to engine load OR fuel cut due to deceleration', '')",[],[],42 kilopascal,51 degree_Celsius,0.0 percent,10000000000000000000000000000001,10000000000000000000100000000000,Unknown : 0.0 count [PASSED],Unknown : 0.0 millisecond [PASSED],"Unknown : 0.0 degree [PASSED]
Unknown : 0.0 degree [PASSED]",0.07 volt,0.655 volt,"((), (False, False, False, False), (False, False, True, True))",EOBD (Europe),0001000000000000000000000000000000000000,10111110001111101011100000010011,10000000000001011010000000000001,01101010110100000000000000000000,12.549019607843137 percent,541.5 revolutions_per_minute,675.0 second,8.59375 percent,9.0 kilometer_per_hour,<obd.OBDResponse.Status object at 0xf6886290>,79.6078431372549 percent,81.96078431372548 percent,81.56862745098039 percent,-3.0 degree,0.0 count
62,2025-04-22 14:44:46,76.86274509803921 percent,41.568627450980394 percent,21.176470588235293 percent,96 kilopascal,bytearray(b'33920-66R0*'),13.711 volt,92 degree_Celsius,4.0 kilometer,0.0 kilometer,ELM327 v2.1,13.6 volt,99.6078431372549 percent,0.0 percent,"('Closed loop, using oxygen sensor feedback to determine fuel mix', '')",[],[],33 kilopascal,51 degree_Celsius,0.0 percent,10000000000000000000000000000001,10000000000000000000100000000000,Unknown : 0.0 count [PASSED],Unknown : 0.0 millisecond [PASSED],"Unknown : 0.0 degree [PASSED]
Unknown : 0.0 degree [PASSED]",0.9 volt,0.655 volt,"((), (False, False, False, False), (False, False, True, True))",EOBD (Europe),0001000000000000000000000000000000000000,10111110001111101011100000010011,10000000000001011010000000000001,01101010110100000000000000000000,7.8431372549019605 percent,1355.0 revolutions_per_minute,682.0 second,0.0 percent,27.0 kilometer_per_hour,<obd.OBDResponse.Status object at 0xf68cd530>,11.372549019607844 percent,18.823529411764707 percent,18.431372549019606 percent,17.0 degree,0.0 count
63,2025-04-22 14:44:53,56.07843137254902 percent,34.11764705882353 percent,17.254901960784313 percent,96 kilopascal,bytearray(b'33920-66R0*'),13.711 volt,92 degree_Celsius,4.0 kilometer,0.0 kilometer,ELM327 v2.1,13.1 volt,78.82352941176471 percent,0.0 percent,"('Closed loop, using oxygen sensor feedback to determine fuel mix', '')",[],[],61 kilopascal,53 degree_Celsius,0.0 percent,10000000000000000000000000000001,10000000000000000000100000000000,Unknown : 0.0 count [PASSED],Unknown : 0.0 millisecond [PASSED],"Unknown : 0.0 degree [PASSED]
Unknown : 0.0 degree [PASSED]",0.89 volt,0.665 volt,"((), (False, False, False, False), (False, False, True, True))",EOBD (Europe),0001000000000000000000000000000000000000,10111110001111101011100000010011,10000000000001011010000000000001,01101010110100000000000000000000,7.450980392156863 percent,1567.0 revolutions_per_minute,689.0 second,5.46875 percent,30.0 kilometer_per_hour,<obd.OBDResponse.Status object at 0xf68eacd0>,10.196078431372548 percent,18.03921568627451 percent,18.03921568627451 percent,7.5 degree,0.0 count
64,2025-04-22 14:45:00,27.45098039215686 percent,14.901960784313726 percent,7.450980392156863 percent,96 kilopascal,bytearray(b'33920-66R0*'),13.664 volt,92 degree_Celsius,4.0 kilometer,0.0 kilometer,ELM327 v2.1,13.1 volt,41.96078431372549 percent,0.0 percent,"('Closed loop, using oxygen sensor feedback to determine fuel mix', '')",[],[],50 kilopascal,53 degree_Celsius,0.0 percent,10000000000000000000000000000001,10000000000000000000100000000000,Unknown : 0.0 count [PASSED],Unknown : 0.0 millisecond [PASSED],"Unknown : 0.0 degree [PASSED]
Unknown : 0.0 degree [PASSED]",0.82 volt,0.395 volt,"((), (False, False, False, False), (False, False, True, True))",EOBD (Europe),0001000000000000000000000000000000000000,10111110001111101011100000010011,10000000000001011010000000000001,01101010110100000000000000000000,6.666666666666667 percent,0.0 revolutions_per_minute,696.0 second,0.0 percent,4.0 kilometer_per_hour,<obd.OBDResponse.Status object at 0xf68eacd0>,2.7450980392156863 percent,12.156862745098039 percent,12.156862745098039 percent,0.5 degree,0.0 count
65,2025-04-22 14:45:07,0.0 percent,14.901960784313726 percent,7.450980392156863 percent,96 kilopascal,bytearray(b'33920-66R0*'),12.58 volt,92 degree_Celsius,4.0 kilometer,0.0 kilometer,ELM327 v2.1,12.5 volt,0.0 percent,0.0 percent,N/A,[],[],96 kilopascal,54 degree_Celsius,0.0 percent,10000000000000000000000000000001,10000000000000000000100000000000,Unknown : 0.0 count [PASSED],Unknown : 0.0 millisecond [PASSED],"Unknown : 0.0 degree [PASSED]
Unknown : 0.0 degree [PASSED]",0.925 volt,0.755 volt,"((), (False, False, False, False), (False, False, True, True))",EOBD (Europe),0001000000000000000000000000000000000000,10111110001111101011100000010011,10000000000001011010000000000001,01101010110100000000000000000000,10.980392156862745 percent,938.0 revolutions_per_minute,698.0 second,0.0 percent,2.0 kilometer_per_hour,<obd.OBDResponse.Status object at 0xf68861d0>,14.901960784313726 percent,25.49019607843137 percent,40.0 percent,0.0 degree,0.0 count
66,2025-04-22 14:45:14,57.64705882352941 percent,35.68627450980392 percent,18.03921568627451 percent,96 kilopascal,bytearray(b'33920-66R0*'),12.038 volt,93 degree_Celsius,4.0 kilometer,0.0 kilometer,ELM327 v2.1,13.0 volt,98.43137254901961 percent,0.0 percent,"('Closed loop, using oxygen sensor feedback to determine fuel mix', '')",[],[],95 kilopascal,54 degree_Celsius,0.0 percent,10000000000000000000000000000001,10000000000000000000100000000000,Unknown : 0.0 count [PASSED],Unknown : 0.0 millisecond [PASSED],"Unknown : 0.0 degree [PASSED]
Unknown : 0.0 degree [PASSED]",0.89 volt,0.815 volt,"((), (False, False, False, False), (False, False, True, True))",EOBD (Europe),0001000000000000000000000000000000000000,10111110001111101011100000010011,10000000000001011010000000000001,01101010110100000000000000000000,14.901960784313726 percent,1104.5 revolutions_per_minute,705.0 second,-3.125 percent,23.0 kilometer_per_hour,<obd.OBDResponse.Status object at 0xf689e990>,69.41176470588235 percent,76.47058823529412 percent,83.92156862745098 percent,-1.5 degree,0.0 count
67,2025-04-22 14:45:21,73.33333333333333 percent,26.666666666666668 percent,13.333333333333334 percent,96 kilopascal,bytearray(b'33920-66R0*'),13.476 volt,92 degree_Celsius,4.0 kilometer,0.0 kilometer,ELM327 v2.1,13.5 volt,50.19607843137255 percent,0.0 percent,"('Closed loop, using oxygen sensor feedback to determine fuel mix', '')",[],[],39 kilopascal,54 degree_Celsius,0.0 percent,10000000000000000000000000000001,10000000000000000000100000000000,Unknown : 0.0 count [PASSED],Unknown : 0.0 millisecond [PASSED],"Unknown : 0.0 degree [PASSED]
Unknown : 0.0 degree [PASSED]",0.05 volt,0.745 volt,"((), (False, False, False, False), (False, False, True, True))",EOBD (Europe),0001000000000000000000000000000000000000,10111110001111101011100000010011,10000000000001011010000000000001,01101010110100000000000000000000,36.86274509803921 percent,1310.5 revolutions_per_minute,712.0 second,3.125 percent,27.0 kilometer_per_hour,<obd.OBDResponse.Status object at 0xf689e990>,11.764705882352942 percent,18.823529411764707 percent,18.03921568627451 percent,1.5 degree,0.0 count
68,2025-04-22 14:45:28,74.50980392156863 percent,47.05882352941177 percent,23.92156862745098 percent,96 kilopascal,bytearray(b'33920-66R0*'),13.64 volt,93 degree_Celsius,4.0 kilometer,0.0 kilometer,ELM327 v2.1,13.2 volt,99.6078431372549 percent,4.705882352941177 percent,"('Closed loop, using oxygen sensor feedback to determine fuel mix', '')",[],[],37 kilopascal,54 degree_Celsius,0.0 percent,10000000000000000000000000000001,10000000000000000000100000000000,Unknown : 0.0 count [PASSED],Unknown : 0.0 millisecond [PASSED],"Unknown : 0.0 degree [PASSED]
Unknown : 0.0 degree [PASSED]",0.75 volt,0.74 volt,"((), (False, False, False, False), (False, False, True, True))",EOBD (Europe),0001000000000000000000000000000000000000,10111110001111101011100000010011,10000000000001011010000000000001,01101010110100000000000000000000,11.764705882352942 percent,1304.5 revolutions_per_minute,719.0 second,0.0 percent,27.0 kilometer_per_hour,<obd.OBDResponse.Status object at 0xf6886610>,10.196078431372548 percent,18.431372549019606 percent,18.03921568627451 percent,6.5 degree,0.0 count
69,2025-04-22 14:45:35,28.627450980392158 percent,14.901960784313726 percent,7.450980392156863 percent,96 kilopascal,bytearray(b'33920-66R0*'),13.24 volt,92 degree_Celsius,4.0 kilometer,0.0 kilometer,ELM327 v2.1,13.2 volt,49.80392156862745 percent,3.5294117647058822 percent,"('Closed loop, using oxygen sensor feedback to determine fuel mix', '')",[],[],52 kilopascal,54 degree_Celsius,0.0 percent,10000000000000000000000000000001,10000000000000000000100000000000,Unknown : 0.0 count [PASSED],Unknown : 0.0 millisecond [PASSED],"Unknown : 0.0 degree [PASSED]
Unknown : 0.0 degree [PASSED]",0.09 volt,0.745 volt,"((), (False, False, False, False), (False, False, True, True))",EOBD (Europe),0001000000000000000000000000000000000000,10111110001111101011100000010011,10000000000001011010000000000001,01101010110100000000000000000000,0.7843137254901961 percent,1210.0 revolutions_per_minute,726.0 second,3.90625 percent,14.0 kilometer_per_hour,<obd.OBDResponse.Status object at 0xf68eab50>,10.196078431372548 percent,18.03921568627451 percent,20.0 percent,9.0 degree,0.0 count
70,2025-04-22 14:45:42,72.94117647058823 percent,33.72549019607843 percent,16.862745098039216 percent,96 kilopascal,bytearray(b'33920-66R0*'),13.688 volt,93 degree_Celsius,4.0 kilometer,0.0 kilometer,ELM327 v2.1,13.5 volt,54.509803921568626 percent,0.0 percent,"('Closed loop, using oxygen sensor feedback to determine fuel mix', '')",[],[],29 kilopascal,54 degree_Celsius,0.0 percent,10000000000000000000000000000001,10000000000000000000100000000000,Unknown : 0.0 count [PASSED],Unknown : 0.0 millisecond [PASSED],"Unknown : 0.0 degree [PASSED]
Unknown : 0.0 degree [PASSED]",0.24 volt,0.745 volt,"((), (False, False, False, False), (False, False, True, True))",EOBD (Europe),0001000000000000000000000000000000000000,10111110001111101011100000010011,10000000000001011010000000000001,01101010110100000000000000000000,7.8431372549019605 percent,806.0 revolutions_per_minute,733.0 second,3.125 percent,6.0 kilometer_per_hour,<obd.OBDResponse.Status object at 0xf68866b0>,8.627450980392156 percent,18.823529411764707 percent,22.352941176470587 percent,-3.0 degree,0.0 count
71,2025-04-22 14:45:49,67.84313725490196 percent,52.15686274509804 percent,26.274509803921568 percent,96 kilopascal,bytearray(b'33920-66R0*'),13.735 volt,92 degree_Celsius,4.0 kilometer,0.0 kilometer,ELM327 v2.1,13.4 volt,99.6078431372549 percent,0.0 percent,"('Closed loop, using oxygen sensor feedback to determine fuel mix', '')",[],[],95 kilopascal,55 degree_Celsius,0.0 percent,10000000000000000000000000000001,10000000000000000000100000000000,Unknown : 0.0 count [PASSED],Unknown : 0.0 millisecond [PASSED],"Unknown : 0.0 degree [PASSED]
Unknown : 0.0 degree [PASSED]",0.895 volt,0.745 volt,"((), (False, False, False, False), (False, False, True, True))",EOBD (Europe),0001000000000000000000000000000000000000,10111110001111101011100000010011,10000000000001011010000000000001,01101010110100000000000000000000,7.8431372549019605 percent,1323.5 revolutions_per_minute,740.0 second,0.0 percent,25.0 kilometer_per_hour,<obd.OBDResponse.Status object at 0xf68861d0>,10.196078431372548 percent,18.03921568627451 percent,17.647058823529413 percent,6.5 degree,0.0 count
72,2025-04-22 14:45:56,36.470588235294116 percent,14.901960784313726 percent,7.450980392156863 percent,96 kilopascal,bytearray(b'33920-66R0*'),13.381 volt,92 degree_Celsius,4.0 kilometer,0.0 kilometer,ELM327 v2.1,13.1 volt,83.52941176470588 percent,0.0 percent,"('Closed loop, using oxygen sensor feedback to determine fuel mix', '')",[],[],83 kilopascal,56 degree_Celsius,0.0 percent,10000000000000000000000000000001,10000000000000000000100000000000,Unknown : 0.0 count [PASSED],Unknown : 0.0 millisecond [PASSED],"Unknown : 0.0 degree [PASSED]
Unknown : 0.0 degree [PASSED]",0.63 volt,0.78 volt,"((), (False, False, False, False), (False, False, True, True))",EOBD (Europe),0001000000000000000000000000000000000000,10111110001111101011100000010011,10000000000001011010000000000001,01101010110100000000000000000000,11.764705882352942 percent,989.0 revolutions_per_minute,747.0 second,3.90625 percent,21.0 kilometer_per_hour,<obd.OBDResponse.Status object at 0xf68861d0>,20.784313725490197 percent,22.352941176470587 percent,19.607843137254903 percent,-7.0 degree,0.0 count
73,2025-04-22 14:46:03,36.86274509803921 percent,14.901960784313726 percent,7.450980392156863 percent,96 kilopascal,bytearray(b'33920-66R0*'),13.499 volt,93 degree_Celsius,4.0 kilometer,0.0 kilometer,ELM327 v2.1,13.5 volt,50.98039215686274 percent,4.705882352941177 percent,"('Closed loop, using oxygen sensor feedback to determine fuel mix', '')",[],[],95 kilopascal,56 degree_Celsius,0.0 percent,10000000000000000000000000000001,10000000000000000000100000000000,Unknown : 0.0 count [PASSED],Unknown : 0.0 millisecond [PASSED],"Unknown : 0.0 degree [PASSED]
Unknown : 0.0 degree [PASSED]",0.3 volt,0.76 volt,"((), (False, False, False, False), (False, False, True, True))",EOBD (Europe),0001000000000000000000000000000000000000,10111110001111101011100000010011,10000000000001011010000000000001,01101010110100000000000000000000,78.03921568627452 percent,1148.0 revolutions_per_minute,754.0 second,6.25 percent,24.0 kilometer_per_hour,<obd.OBDResponse.Status object at 0xf6886610>,11.372549019607844 percent,19.215686274509803 percent,18.823529411764707 percent,0.0 degree,0.0 count
74,2025-04-22 14:46:10,36.470588235294116 percent,14.901960784313726 percent,7.450980392156863 percent,96 kilopascal,bytearray(b'33920-66R0*'),12.957 volt,93 degree_Celsius,4.0 kilometer,0.0 kilometer,ELM327 v2.1,13.0 volt,92.15686274509804 percent,16.862745098039216 percent,"('Closed loop, using oxygen sensor feedback to determine fuel mix', '')",[],[],95 kilopascal,56 degree_Celsius,0.0 percent,10000000000000000000000000000001,10000000000000000000100000000000,Unknown : 0.0 count [PASSED],Unknown : 0.0 millisecond [PASSED],"Unknown : 0.0 degree [PASSED]
Unknown : 0.0 degree [PASSED]",0.73 volt,0.75 volt,"((), (False, False, False, False), (False, False, True, True))",EOBD (Europe),0001000000000000000000000000000000000000,10111110001111101011100000010011,10000000000001011010000000000001,01101010110100000000000000000000,8.627450980392156 percent,1085.5 revolutions_per_minute,761.0 second,1.5625 percent,21.0 kilometer_per_hour,<obd.OBDResponse.Status object at 0xf6886610>,10.980392156862745 percent,18.431372549019606 percent,18.431372549019606 percent,5.0 degree,0.0 count
75,2025-04-22 14:46:17,32.15686274509804 percent,14.901960784313726 percent,7.450980392156863 percent,96 kilopascal,bytearray(b'33920-66R0*'),13.688 volt,93 degree_Celsius,4.0 kilometer,0.0 kilometer,ELM327 v2.1,12.8 volt,44.31372549019608 percent,3.5294117647058822 percent,"('Closed loop, using oxygen sensor feedback to determine fuel mix', '')",[],[],85 kilopascal,57 degree_Celsius,0.0 percent,10000000000000000000000000000001,10000000000000000000100000000000,Unknown : 0.0 count [PASSED],Unknown : 0.0 millisecond [PASSED],"Unknown : 0.0 degree [PASSED]
Unknown : 0.0 degree [PASSED]",0.09 volt,0.745 volt,"((), (False, False, False, False), (False, False, True, True))",EOBD (Europe),0001000000000000000000000000000000000000,10111110001111101011100000010011,10000000000001011010000000000001,01101010110100000000000000000000,8.627450980392156 percent,1168.0 revolutions_per_minute,768.0 second,4.6875 percent,16.0 kilometer_per_hour,<obd.OBDResponse.Status object at 0xf6846bd0>,10.980392156862745 percent,18.431372549019606 percent,18.431372549019606 percent,16.5 degree,0.0 count
76,2025-04-22 14:46:24,60.78431372549019 percent,14.901960784313726 percent,7.450980392156863 percent,96 kilopascal,bytearray(b'33920-66R0*'),13.664 volt,93 degree_Celsius,4.0 kilometer,0.0 kilometer,ELM327 v2.1,13.1 volt,39.6078431372549 percent,2.7450980392156863 percent,"('Closed loop, using oxygen sensor feedback to determine fuel mix', '')",[],[],67 kilopascal,57 degree_Celsius,0.0 percent,10000000000000000000000000000001,10000000000000000000100000000000,Unknown : 0.0 count [PASSED],Unknown : 0.0 millisecond [PASSED],"Unknown : 0.0 degree [PASSED]
Unknown : 0.0 degree [PASSED]",0.795 volt,0.75 volt,"((), (False, False, False, False), (False, False, True, True))",EOBD (Europe),0001000000000000000000000000000000000000,10111110001111101011100000010011,10000000000001011010000000000001,01101010110100000000000000000000,72.94117647058823 percent,891.5 revolutions_per_minute,775.0 second,6.25 percent,14.0 kilometer_per_hour,<obd.OBDResponse.Status object at 0xf68861d0>,100.0 percent,87.84313725490196 percent,87.84313725490196 percent,-1.5 degree,0.0 count
77,2025-04-22 14:46:31,76.07843137254902 percent,47.450980392156865 percent,25.098039215686274 percent,96 kilopascal,bytearray(b'33920-66R0*'),13.758000000000001 volt,93 degree_Celsius,4.0 kilometer,0.0 kilometer,ELM327 v2.1,13.1 volt,99.6078431372549 percent,0.0 percent,"('Closed loop, using oxygen sensor feedback to determine fuel mix', '')",[],[],57 kilopascal,58 degree_Celsius,0.0 percent,10000000000000000000000000000001,10000000000000000000100000000000,Unknown : 0.0 count [PASSED],Unknown : 0.0 millisecond [PASSED],"Unknown : 0.0 degree [PASSED]
Unknown : 0.0 degree [PASSED]",0.8 volt,0.74 volt,"((), (False, False, False, False), (False, False, True, True))",EOBD (Europe),0001000000000000000000000000000000000000,10111110001111101011100000010011,10000000000001011010000000000001,01101010110100000000000000000000,17.254901960784313 percent,1636.0 revolutions_per_minute,782.0 second,5.46875 percent,35.0 kilometer_per_hour,<obd.OBDResponse.Status object at 0xf6886610>,74.50980392156863 percent,81.56862745098039 percent,81.17647058823529 percent,2.0 degree,0.0 count
78,2025-04-22 14:46:38,77.25490196078431 percent,58.431372549019606 percent,29.41176470588235 percent,96 kilopascal,bytearray(b'33920-66R0*'),13.664 volt,92 degree_Celsius,4.0 kilometer,0.0 kilometer,ELM327 v2.1,13.6 volt,99.6078431372549 percent,0.0 percent,"('Closed loop, using oxygen sensor feedback to determine fuel mix', '')",[],[],95 kilopascal,58 degree_Celsius,0.0 percent,10000000000000000000000000000001,10000000000000000000100000000000,Unknown : 0.0 count [PASSED],Unknown : 0.0 millisecond [PASSED],"Unknown : 0.0 degree [PASSED]
Unknown : 0.0 degree [PASSED]",0.715 volt,0.735 volt,"((), (False, False, False, False), (False, False, True, True))",EOBD (Europe),0001000000000000000000000000000000000000,10111110001111101011100000010011,10000000000001011010000000000001,01101010110100000000000000000000,56.07843137254902 percent,1766.5 revolutions_per_minute,789.0 second,6.25 percent,50.0 kilometer_per_hour,<obd.OBDResponse.Status object at 0xf689e350>,99.6078431372549 percent,84.70588235294117 percent,84.31372549019608 percent,3.5 degree,0.0 count
79,2025-04-22 14:46:45,15.294117647058822 percent,14.509803921568627 percent,7.450980392156863 percent,96 kilopascal,bytearray(b'33920-66R0*'),13.735 volt,93 degree_Celsius,4.0 kilometer,0.0 kilometer,ELM327 v2.1,13.6 volt,20.0 percent,0.0 percent,"('Open loop due to engine load OR fuel cut due to deceleration', '')",[],[],26 kilopascal,57 degree_Celsius,0.0 percent,10000000000000000000000000000001,10000000000000000000100000000000,Unknown : 0.0 count [PASSED],Unknown : 0.0 millisecond [PASSED],"Unknown : 0.0 degree [PASSED]
Unknown : 0.0 degree [PASSED]",0.1 volt,0.74 volt,"((), (False, False, False, False), (False, False, True, True))",EOBD (Europe),0001000000000000000000000000000000000000,10111110001111101011100000010011,10000000000001011010000000000001,01101010110100000000000000000000,7.450980392156863 percent,912.0 revolutions_per_minute,796.0 second,4.6875 percent,19.0 kilometer_per_hour,<obd.OBDResponse.Status object at 0xf68cd530>,9.803921568627452 percent,17.647058823529413 percent,17.647058823529413 percent,0.0 degree,0.0 count
80,2025-04-22 14:46:52,29.80392156862745 percent,14.901960784313726 percent,7.450980392156863 percent,96 kilopascal,bytearray(b'33920-66R0*'),13.57 volt,93 degree_Celsius,4.0 kilometer,0.0 kilometer,ELM327 v2.1,13.2 volt,41.1764705882353 percent,0.0 percent,"('Closed loop, using oxygen sensor feedback to determine fuel mix', '')",[],[],53 kilopascal,57 degree_Celsius,0.0 percent,10000000000000000000000000000001,10000000000000000000100000000000,Unknown : 0.0 count [PASSED],Unknown : 0.0 millisecond [PASSED],"Unknown : 0.0 degree [PASSED]
Unknown : 0.0 degree [PASSED]",0.09 volt,0.735 volt,"((), (False, False, False, False), (False, False, True, True))",EOBD (Europe),0001000000000000000000000000000000000000,10111110001111101011100000010011,10000000000001011010000000000001,01101010110100000000000000000000,12.549019607843137 percent,1125.0 revolutions_per_minute,803.0 second,5.46875 percent,15.0 kilometer_per_hour,<obd.OBDResponse.Status object at 0xf68eacd0>,11.764705882352942 percent,18.431372549019606 percent,18.823529411764707 percent,6.5 degree,0.0 count
81,2025-04-22 14:46:59,33.333333333333336 percent,32.549019607843135 percent,17.254901960784313 percent,96 kilopascal,bytearray(b'33920-66R0*'),13.805 volt,93 degree_Celsius,4.0 kilometer,0.0 kilometer,ELM327 v2.1,13.2 volt,41.1764705882353 percent,0.0 percent,"('Closed loop, using oxygen sensor feedback to determine fuel mix', '')",[],[],51 kilopascal,57 degree_Celsius,0.0 percent,10000000000000000000000000000001,10000000000000000000100000000000,Unknown : 0.0 count [PASSED],Unknown : 0.0 millisecond [PASSED],"Unknown : 0.0 degree [PASSED]
Unknown : 0.0 degree [PASSED]",0.615 volt,0.725 volt,"((), (False, False, False, False), (False, False, True, True))",EOBD (Europe),0001000000000000000000000000000000000000,10111110001111101011100000010011,10000000000001011010000000000001,01101010110100000000000000000000,12.941176470588236 percent,705.0 revolutions_per_minute,810.0 second,3.90625 percent,5.0 kilometer_per_hour,<obd.OBDResponse.Status object at 0xf68862f0>,13.72549019607843 percent,20.784313725490197 percent,24.705882352941178 percent,-4.0 degree,0.0 count
82,2025-04-22 14:47:06,70.98039215686275 percent,44.705882352941174 percent,22.352941176470587 percent,96 kilopascal,bytearray(b'33920-66R0*'),13.711 volt,93 degree_Celsius,4.0 kilometer,0.0 kilometer,ELM327 v2.1,13.4 volt,99.6078431372549 percent,0.0 percent,"('Closed loop, using oxygen sensor feedback to determine fuel mix', '')",[],[],36 kilopascal,57 degree_Celsius,0.0 percent,10000000000000000000000000000001,10000000000000000000100000000000,Unknown : 0.0 count [PASSED],Unknown : 0.0 millisecond [PASSED],"Unknown : 0.0 degree [PASSED]
Unknown : 0.0 degree [PASSED]",0.855 volt,0.745 volt,"((), (False, False, False, False), (False, False, True, True))",EOBD (Europe),0001000000000000000000000000000000000000,10111110001111101011100000010011,10000000000001011010000000000001,01101010110100000000000000000000,40.3921568627451 percent,1240.5 revolutions_per_minute,817.0 second,7.8125 percent,27.0 kilometer_per_hour,<obd.OBDResponse.Status object at 0xf68ead90>,98.43137254901961 percent,86.66666666666667 percent,87.45098039215686 percent,-1.0 degree,0.0 count
83,2025-04-22 14:47:13,76.07843137254902 percent,51.76470588235294 percent,8.627450980392156 percent,96 kilopascal,bytearray(b'33920-66R0*'),13.711 volt,93 degree_Celsius,4.0 kilometer,0.0 kilometer,ELM327 v2.1,13.6 volt,29.80392156862745 percent,0.0 percent,"('Closed loop, using oxygen sensor feedback to determine fuel mix', '')",[],[],45 kilopascal,58 degree_Celsius,0.0 percent,10000000000000000000000000000001,10000000000000000000100000000000,Unknown : 0.0 count [PASSED],Unknown : 0.0 millisecond [PASSED],"Unknown : 0.0 degree [PASSED]
Unknown : 0.0 degree [PASSED]",0.05 volt,0.745 volt,"((), (False, False, False, False), (False, False, True, True))",EOBD (Europe),0001000000000000000000000000000000000000,10111110001111101011100000010011,10000000000001011010000000000001,01101010110100000000000000000000,7.8431372549019605 percent,1227.5 revolutions_per_minute,824.0 second,3.90625 percent,33.0 kilometer_per_hour,<obd.OBDResponse.Status object at 0xf68861d0>,10.196078431372548 percent,18.03921568627451 percent,18.03921568627451 percent,2.0 degree,0.0 count
84,2025-04-22 14:47:20,37.64705882352941 percent,14.509803921568627 percent,7.450980392156863 percent,96 kilopascal,bytearray(b'33920-66R0*'),13.099 volt,93 degree_Celsius,4.0 kilometer,0.0 kilometer,ELM327 v2.1,13.1 volt,44.31372549019608 percent,3.9215686274509802 percent,"('Closed loop, using oxygen sensor feedback to determine fuel mix', '')",[],[],45 kilopascal,58 degree_Celsius,0.0 percent,10000000000000000000000000000001,10000000000000000000100000000000,Unknown : 0.0 count [PASSED],Unknown : 0.0 millisecond [PASSED],"Unknown : 0.0 degree [PASSED]
Unknown : 0.0 degree [PASSED]",0.135 volt,0.735 volt,"((), (False, False, False, False), (False, False, True, True))",EOBD (Europe),0001000000000000000000000000000000000000,10111110001111101011100000010011,10000000000001011010000000000001,01101010110100000000000000000000,7.8431372549019605 percent,682.5 revolutions_per_minute,831.0 second,3.125 percent,7.0 kilometer_per_hour,<obd.OBDResponse.Status object at 0xf68ea130>,17.254901960784313 percent,20.392156862745097 percent,24.705882352941178 percent,-3.0 degree,0.0 count
85,2025-04-22 14:47:27,58.431372549019606 percent,34.90196078431372 percent,17.254901960784313 percent,96 kilopascal,bytearray(b'33920-66R0*'),13.523 volt,93 degree_Celsius,4.0 kilometer,0.0 kilometer,ELM327 v2.1,13.1 volt,45.490196078431374 percent,0.0 percent,"('Closed loop, using oxygen sensor feedback to determine fuel mix', '')",[],[],51 kilopascal,58 degree_Celsius,0.0 percent,10000000000000000000000000000001,10000000000000000000100000000000,Unknown : 0.0 count [PASSED],Unknown : 0.0 millisecond [PASSED],"Unknown : 0.0 degree [PASSED]
Unknown : 0.0 degree [PASSED]",0.67 volt,0.735 volt,"((), (False, False, False, False), (False, False, True, True))",EOBD (Europe),0001000000000000000000000000000000000000,10111110001111101011100000010011,10000000000001011010000000000001,01101010110100000000000000000000,8.627450980392156 percent,495.5 revolutions_per_minute,838.0 second,6.25 percent,7.0 kilometer_per_hour,<obd.OBDResponse.Status object at 0xf6886290>,21.176470588235293 percent,38.03921568627451 percent,37.64705882352941 percent,-1.0 degree,0.0 count
86,2025-04-22 14:47:34,49.80392156862745 percent,26.666666666666668 percent,10.588235294117647 percent,96 kilopascal,bytearray(b'33920-66R0*'),13.664 volt,93 degree_Celsius,4.0 kilometer,0.0 kilometer,ELM327 v2.1,13.2 volt,45.09803921568628 percent,0.0 percent,"('Closed loop, using oxygen sensor feedback to determine fuel mix', '')",[],[],48 kilopascal,59 degree_Celsius,0.0 percent,10000000000000000000000000000001,10000000000000000000100000000000,Unknown : 0.0 count [PASSED],Unknown : 0.0 millisecond [PASSED],"Unknown : 0.0 degree [PASSED]
Unknown : 0.0 degree [PASSED]",0.085 volt,0.73 volt,"((), (False, False, False, False), (False, False, True, True))",EOBD (Europe),0001000000000000000000000000000000000000,10111110001111101011100000010011,10000000000001011010000000000001,01101010110100000000000000000000,7.8431372549019605 percent,848.5 revolutions_per_minute,845.0 second,7.03125 percent,4.0 kilometer_per_hour,<obd.OBDResponse.Status object at 0xf689e710>,11.372549019607844 percent,20.392156862745097 percent,21.568627450980394 percent,0.5 degree,0.0 count
87,2025-04-22 14:47:41,67.05882352941177 percent,35.68627450980392 percent,16.07843137254902 percent,96 kilopascal,bytearray(b'33920-66R0*'),13.688 volt,93 degree_Celsius,5.0 kilometer,0.0 kilometer,ELM327 v2.1,13.6 volt,79.2156862745098 percent,0.0 percent,"('Closed loop, using oxygen sensor feedback to determine fuel mix', '')",[],[],87 kilopascal,59 degree_Celsius,0.0 percent,10000000000000000000000000000001,10000000000000000000100000000000,Unknown : 0.0 count [PASSED],Unknown : 0.0 millisecond [PASSED],"Unknown : 0.0 degree [PASSED]
Unknown : 0.0 degree [PASSED]",0.865 volt,0.775 volt,"((), (False, False, False, False), (False, False, True, True))",EOBD (Europe),0001000000000000000000000000000000000000,10111110001111101011100000010011,10000000000001011010000000000001,01101010110100000000000000000000,8.627450980392156 percent,1263.0 revolutions_per_minute,852.0 second,4.6875 percent,21.0 kilometer_per_hour,<obd.OBDResponse.Status object at 0xf68cd530>,12.156862745098039 percent,20.0 percent,22.352941176470587 percent,-1.0 degree,0.0 count
88,2025-04-22 14:47:48,35.294117647058826 percent,14.901960784313726 percent,7.450980392156863 percent,96 kilopascal,bytearray(b'33920-66R0*'),13.688 volt,93 degree_Celsius,5.0 kilometer,0.0 kilometer,ELM327 v2.1,13.2 volt,37.254901960784316 percent,0.0 percent,"('Closed loop, using oxygen sensor feedback to determine fuel mix', '')",[],[],40 kilopascal,60 degree_Celsius,0.0 percent,10000000000000000000000000000001,10000000000000000000100000000000,Unknown : 0.0 count [PASSED],Unknown : 0.0 millisecond [PASSED],"Unknown : 0.0 degree [PASSED]
Unknown : 0.0 degree [PASSED]",0.76 volt,0.765 volt,"((), (False, False, False, False), (False, False, True, True))",EOBD (Europe),0001000000000000000000000000000000000000,10111110001111101011100000010011,10000000000001011010000000000001,01101010110100000000000000000000,8.627450980392156 percent,1044.5 revolutions_per_minute,859.0 second,1.5625 percent,20.0 kilometer_per_hour,<obd.OBDResponse.Status object at 0xf68861d0>,10.196078431372548 percent,18.03921568627451 percent,21.568627450980394 percent,3.5 degree,0.0 count
89,2025-04-22 14:47:55,68.23529411764706 percent,14.509803921568627 percent,7.450980392156863 percent,96 kilopascal,bytearray(b'33920-66R0*'),13.64 volt,93 degree_Celsius,5.0 kilometer,0.0 kilometer,ELM327 v2.1,13.6 volt,41.1764705882353 percent,3.9215686274509802 percent,"('Closed loop, using oxygen sensor feedback to determine fuel mix', '')",[],[],45 kilopascal,60 degree_Celsius,0.0 percent,10000000000000000000000000000001,10000000000000000000100000000000,Unknown : 0.0 count [PASSED],Unknown : 0.0 millisecond [PASSED],"Unknown : 0.0 degree [PASSED]
Unknown : 0.0 degree [PASSED]",0.13 volt,0.755 volt,"((), (False, False, False, False), (False, False, True, True))",EOBD (Europe),0001000000000000000000000000000000000000,10111110001111101011100000010011,10000000000001011010000000000001,01101010110100000000000000000000,7.450980392156863 percent,861.5 revolutions_per_minute,866.0 second,4.6875 percent,5.0 kilometer_per_hour,<obd.OBDResponse.Status object at 0xf68861d0>,10.196078431372548 percent,18.03921568627451 percent,17.647058823529413 percent,6.5 degree,0.0 count
90,2025-04-22 14:48:02,66.27450980392157 percent,49.01960784313726 percent,24.705882352941178 percent,96 kilopascal,bytearray(b'33920-66R0*'),13.688 volt,93 degree_Celsius,5.0 kilometer,0.0 kilometer,ELM327 v2.1,13.6 volt,95.29411764705883 percent,0.0 percent,"('Closed loop, using oxygen sensor feedback to determine fuel mix', '')",[],[],89 kilopascal,60 degree_Celsius,0.0 percent,10000000000000000000000000000001,10000000000000000000100000000000,Unknown : 0.0 count [PASSED],Unknown : 0.0 millisecond [PASSED],"Unknown : 0.0 degree [PASSED]
Unknown : 0.0 degree [PASSED]",0.8 volt,0.75 volt,"((), (False, False, False, False), (False, False, True, True))",EOBD (Europe),0001000000000000000000000000000000000000,10111110001111101011100000010011,10000000000001011010000000000001,01101010110100000000000000000000,7.0588235294117645 percent,1444.5 revolutions_per_minute,873.0 second,0.0 percent,28.0 kilometer_per_hour,<obd.OBDResponse.Status object at 0xf68866b0>,9.803921568627452 percent,17.647058823529413 percent,17.647058823529413 percent,12.5 degree,0.0 count
91,2025-04-22 14:48:09,47.05882352941176 percent,38.431372549019606 percent,18.431372549019606 percent,96 kilopascal,bytearray(b'33920-66R0*'),13.735 volt,92 degree_Celsius,5.0 kilometer,0.0 kilometer,ELM327 v2.1,13.2 volt,31.372549019607842 percent,0.0 percent,"('Closed loop, using oxygen sensor feedback to determine fuel mix', '')",[],[],48 kilopascal,60 degree_Celsius,0.0 percent,10000000000000000000000000000001,10000000000000000000100000000000,Unknown : 0.0 count [PASSED],Unknown : 0.0 millisecond [PASSED],"Unknown : 0.0 degree [PASSED]
Unknown : 0.0 degree [PASSED]",0.8 volt,0.77 volt,"((), (False, False, False, False), (False, False, True, True))",EOBD (Europe),0001000000000000000000000000000000000000,10111110001111101011100000010011,10000000000001011010000000000001,01101010110100000000000000000000,10.980392156862745 percent,1329.0 revolutions_per_minute,880.0 second,3.90625 percent,27.0 kilometer_per_hour,<obd.OBDResponse.Status object at 0xf68eab90>,14.117647058823529 percent,23.92156862745098 percent,23.92156862745098 percent,2.0 degree,0.0 count
92,2025-04-22 14:48:16,27.45098039215686 percent,26.666666666666668 percent,13.333333333333334 percent,96 kilopascal,bytearray(b'33920-66R0*'),13.64 volt,92 degree_Celsius,5.0 kilometer,0.0 kilometer,ELM327 v2.1,13.5 volt,64.31372549019608 percent,7.450980392156863 percent,"('Closed loop, using oxygen sensor feedback to determine fuel mix', '')",[],[],86 kilopascal,60 degree_Celsius,0.0 percent,10000000000000000000000000000001,10000000000000000000100000000000,Unknown : 0.0 count [PASSED],Unknown : 0.0 millisecond [PASSED],"Unknown : 0.0 degree [PASSED]
Unknown : 0.0 degree [PASSED]",0.11 volt,0.765 volt,"((), (False, False, False, False), (False, False, True, True))",EOBD (Europe),0001000000000000000000000000000000000000,10111110001111101011100000010011,10000000000001011010000000000001,01101010110100000000000000000000,15.294117647058824 percent,1588.5 revolutions_per_minute,887.0 second,0.0 percent,33.0 kilometer_per_hour,<obd.OBDResponse.Status object at 0xf689ec30>,11.372549019607844 percent,18.823529411764707 percent,17.647058823529413 percent,18.5 degree,0.0 count
93,2025-04-22 14:48:23,21.56862745098039 percent,14.901960784313726 percent,7.450980392156863 percent,96 kilopascal,bytearray(b'33920-66R0*'),13.57 volt,92 degree_Celsius,5.0 kilometer,0.0 kilometer,ELM327 v2.1,13.5 volt,40.3921568627451 percent,0.0 percent,"('Closed loop, using oxygen sensor feedback to determine fuel mix', '')",[],[],47 kilopascal,60 degree_Celsius,0.0 percent,10000000000000000000000000000001,10000000000000000000100000000000,Unknown : 0.0 count [PASSED],Unknown : 0.0 millisecond [PASSED],"Unknown : 0.0 degree [PASSED]
Unknown : 0.0 degree [PASSED]",0.04 volt,0.795 volt,"((), (False, False, False, False), (False, False, True, True))",EOBD (Europe),0001000000000000000000000000000000000000,10111110001111101011100000010011,10000000000001011010000000000001,01101010110100000000000000000000,7.450980392156863 percent,862.5 revolutions_per_minute,894.0 second,3.125 percent,5.0 kilometer_per_hour,<obd.OBDResponse.Status object at 0xf68eacd0>,16.07843137254902 percent,21.568627450980394 percent,20.392156862745097 percent,-1.0 degree,0.0 count
94,2025-04-22 14:48:30,67.45098039215686 percent,36.86274509803921 percent,17.647058823529413 percent,96 kilopascal,bytearray(b'33920-66R0*'),13.829 volt,92 degree_Celsius,5.0 kilometer,0.0 kilometer,ELM327 v2.1,13.2 volt,46.27450980392157 percent,3.1372549019607843 percent,"('Closed loop, using oxygen sensor feedback to determine fuel mix', '')",[],[],39 kilopascal,60 degree_Celsius,0.0 percent,10000000000000000000000000000001,10000000000000000000100000000000,Unknown : 0.0 count [PASSED],Unknown : 0.0 millisecond [PASSED],"Unknown : 0.0 degree [PASSED]
Unknown : 0.0 degree [PASSED]",0.08 volt,0.81 volt,"((), (False, False, False, False), (False, False, True, True))",EOBD (Europe),0001000000000000000000000000000000000000,10111110001111101011100000010011,10000000000001011010000000000001,01101010110100000000000000000000,8.627450980392156 percent,1489.5 revolutions_per_minute,901.0 second,3.125 percent,20.0 kilometer_per_hour,<obd.OBDResponse.Status object at 0xf689e710>,17.647058823529413 percent,25.098039215686274 percent,24.705882352941178 percent,9.0 degree,0.0 count
95,2025-04-22 14:48:37,70.58823529411765 percent,42.35294117647059 percent,23.137254901960784 percent,96 kilopascal,bytearray(b'33920-66R0*'),13.64 volt,92 degree_Celsius,5.0 kilometer,0.0 kilometer,ELM327 v2.1,13.2 volt,35.68627450980392 percent,0.0 percent,"('Closed loop, using oxygen sensor feedback to determine fuel mix', '')",[],[],33 kilopascal,60 degree_Celsius,0.0 percent,10000000000000000000000000000001,10000000000000000000100000000000,Unknown : 0.0 count [PASSED],Unknown : 0.0 millisecond [PASSED],"Unknown : 0.0 degree [PASSED]
Unknown : 0.0 degree [PASSED]",0.715 volt,0.78 volt,"((), (False, False, False, False), (False, False, True, True))",EOBD (Europe),0001000000000000000000000000000000000000,10111110001111101011100000010011,10000000000001011010000000000001,01101010110100000000000000000000,7.8431372549019605 percent,1632.5 revolutions_per_minute,908.0 second,-1.5625 percent,31.0 kilometer_per_hour,<obd.OBDResponse.Status object at 0xf6886610>,9.803921568627452 percent,17.647058823529413 percent,20.392156862745097 percent,7.5 degree,0.0 count
96,2025-04-22 14:48:44,74.50980392156863 percent,48.627450980392155 percent,23.92156862745098 percent,96 kilopascal,bytearray(b'33920-66R0*'),13.546000000000001 volt,91 degree_Celsius,5.0 kilometer,0.0 kilometer,ELM327 v2.1,13.2 volt,92.54901960784314 percent,0.0 percent,"('Closed loop, using oxygen sensor feedback to determine fuel mix', '')",[],[],92 kilopascal,60 degree_Celsius,0.0 percent,10000000000000000000000000000001,10000000000000000000100000000000,Unknown : 0.0 count [PASSED],Unknown : 0.0 millisecond [PASSED],"Unknown : 0.0 degree [PASSED]
Unknown : 0.0 degree [PASSED]",0.14 volt,0.75 volt,"((), (False, False, False, False), (False, False, True, True))",EOBD (Europe),0001000000000000000000000000000000000000,10111110001111101011100000010011,10000000000001011010000000000001,01101010110100000000000000000000,18.431372549019606 percent,1666.0 revolutions_per_minute,915.0 second,6.25 percent,35.0 kilometer_per_hour,<obd.OBDResponse.Status object at 0xf689ec30>,22.745098039215687 percent,27.058823529411764 percent,27.058823529411764 percent,9.0 degree,0.0 count
97,2025-04-22 14:48:51,18.823529411764707 percent,14.509803921568627 percent,7.450980392156863 percent,96 kilopascal,bytearray(b'33920-66R0*'),13.664 volt,92 degree_Celsius,5.0 kilometer,0.0 kilometer,ELM327 v2.1,13.5 volt,80.7843137254902 percent,0.0 percent,"('Closed loop, using oxygen sensor feedback to determine fuel mix', '')",[],[],84 kilopascal,60 degree_Celsius,0.0 percent,10000000000000000000000000000001,10000000000000000000100000000000,Unknown : 0.0 count [PASSED],Unknown : 0.0 millisecond [PASSED],"Unknown : 0.0 degree [PASSED]
Unknown : 0.0 degree [PASSED]",0.07 volt,0.745 volt,"((), (False, False, False, False), (False, False, True, True))",EOBD (Europe),0001000000000000000000000000000000000000,10111110001111101011100000010011,10000000000001011010000000000001,01101010110100000000000000000000,8.235294117647058 percent,1915.0 revolutions_per_minute,922.0 second,0.0 percent,39.0 kilometer_per_hour,<obd.OBDResponse.Status object at 0xf6886610>,10.588235294117647 percent,18.431372549019606 percent,18.03921568627451 percent,-25.5 degree,0.0 count
98,2025-04-22 14:48:58,22.352941176470587 percent,14.901960784313726 percent,7.450980392156863 percent,96 kilopascal,bytearray(b'33920-66R0*'),13.64 volt,92 degree_Celsius,5.0 kilometer,0.0 kilometer,ELM327 v2.1,13.2 volt,36.86274509803921 percent,0.0 percent,"('Open loop due to engine load OR fuel cut due to deceleration', '')",[],[],44 kilopascal,60 degree_Celsius,0.0 percent,10000000000000000000000000000001,10000000000000000000100000000000,Unknown : 0.0 count [PASSED],Unknown : 0.0 millisecond [PASSED],"Unknown : 0.0 degree [PASSED]
Unknown : 0.0 degree [PASSED]",0.82 volt,0.11 volt,"((), (False, False, False, False), (False, False, True, True))",EOBD (Europe),0001000000000000000000000000000000000000,10111110001111101011100000010011,10000000000001011010000000000001,01101010110100000000000000000000,13.72549019607843 percent,1562.0 revolutions_per_minute,929.0 second,3.90625 percent,22.0 kilometer_per_hour,<obd.OBDResponse.Status object at 0xf68eabf0>,21.176470588235293 percent,27.058823529411764 percent,26.666666666666668 percent,9.5 degree,0.0 count
99,2025-04-22 14:49:05,17.647058823529413 percent,14.901960784313726 percent,7.450980392156863 percent,96 kilopascal,bytearray(b'33920-66R0*'),13.711 volt,92 degree_Celsius,5.0 kilometer,0.0 kilometer,ELM327 v2.1,13.5 volt,40.78431372549019 percent,0.0 percent,"('Open loop due to engine load OR fuel cut due to deceleration', '')",[],[],75 kilopascal,60 degree_Celsius,0.0 percent,10000000000000000000000000000001,10000000000000000000100000000000,Unknown : 0.0 count [PASSED],Unknown : 0.0 millisecond [PASSED],"Unknown : 0.0 degree [PASSED]
Unknown : 0.0 degree [PASSED]",0.23 volt,0.195 volt,"((), (False, False, False, False), (False, False, True, True))",EOBD (Europe),0001000000000000000000000000000000000000,10111110001111101011100000010011,10000000000001011010000000000001,01101010110100000000000000000000,43.13725490196079 percent,2328.0 revolutions_per_minute,936.0 second,3.125 percent,33.0 kilometer_per_hour,<obd.OBDResponse.Status object at 0xf6886290>,23.92156862745098 percent,27.84313725490196 percent,31.372549019607842 percent,10.5 degree,0.0 count
100,2025-04-22 14:49:12,20.0 percent,16.862745098039216 percent,14.117647058823529 percent,96 kilopascal,bytearray(b'33920-66R0*'),13.593 volt,91 degree_Celsius,5.0 kilometer,0.0 kilometer,ELM327 v2.1,13.2 volt,98.82352941176471 percent,0.0 percent,"('Closed loop, using oxygen sensor feedback to determine fuel mix', '')",[],[],95 kilopascal,60 degree_Celsius,0.0 percent,10000000000000000000000000000001,10000000000000000000100000000000,Unknown : 0.0 count [PASSED],Unknown : 0.0 millisecond [PASSED],"Unknown : 0.0 degree [PASSED]
Unknown : 0.0 degree [PASSED]",0.965 volt,0.62 volt,"((), (False, False, False, False), (False, False, True, True))",EOBD (Europe),0001000000000000000000000000000000000000,10111110001111101011100000010011,10000000000001011010000000000001,01101010110100000000000000000000,15.686274509803921 percent,1466.0 revolutions_per_minute,943.0 second,1.5625 percent,41.0 kilometer_per_hour,<obd.OBDResponse.Status object at 0xf68ea130>,88.62745098039215 percent,80.3921568627451 percent,84.70588235294117 percent,0.0 degree,0.0 count
101,2025-04-22 14:49:19,76.07843137254902 percent,46.27450980392157 percent,23.137254901960784 percent,96 kilopascal,bytearray(b'33920-66R0*'),13.405000000000001 volt,92 degree_Celsius,5.0 kilometer,0.0 kilometer,ELM327 v2.1,13.2 volt,85.09803921568627 percent,0.0 percent,"('Closed loop, using oxygen sensor feedback to determine fuel mix', '')",[],[],60 kilopascal,60 degree_Celsius,0.0 percent,10000000000000000000000000000001,10000000000000000000100000000000,Unknown : 0.0 count [PASSED],Unknown : 0.0 millisecond [PASSED],"Unknown : 0.0 degree [PASSED]
Unknown : 0.0 degree [PASSED]",0.1 volt,0.71 volt,"((), (False, False, False, False), (False, False, True, True))",EOBD (Europe),0001000000000000000000000000000000000000,10111110001111101011100000010011,10000000000001011010000000000001,01101010110100000000000000000000,21.568627450980394 percent,1822.5 revolutions_per_minute,950.0 second,7.8125 percent,51.0 kilometer_per_hour,<obd.OBDResponse.Status object at 0xf68cd130>,27.84313725490196 percent,31.764705882352942 percent,31.372549019607842 percent,6.5 degree,0.0 count
102,2025-04-22 14:49:26,23.52941176470588 percent,14.901960784313726 percent,7.450980392156863 percent,96 kilopascal,bytearray(b'33920-66R0*'),13.711 volt,92 degree_Celsius,5.0 kilometer,0.0 kilometer,ELM327 v2.1,13.2 volt,70.98039215686275 percent,0.0 percent,"('Closed loop, using oxygen sensor feedback to determine fuel mix', '')",[],[],94 kilopascal,59 degree_Celsius,0.0 percent,10000000000000000000000000000001,10000000000000000000100000000000,Unknown : 0.0 count [PASSED],Unknown : 0.0 millisecond [PASSED],"Unknown : 0.0 degree [PASSED]
Unknown : 0.0 degree [PASSED]",0.845 volt,0.81 volt,"((), (False, False, False, False), (False, False, True, True))",EOBD (Europe),0001000000000000000000000000000000000000,10111110001111101011100000010011,10000000000001011010000000000001,01101010110100000000000000000000,10.588235294117647 percent,1484.0 revolutions_per_minute,958.0 second,7.03125 percent,53.0 kilometer_per_hour,<obd.OBDResponse.Status object at 0xf68ead90>,18.03921568627451 percent,24.313725490196077 percent,23.92156862745098 percent,6.5 degree,0.0 count
103,2025-04-22 14:49:33,57.64705882352941 percent,33.72549019607843 percent,16.862745098039216 percent,96 kilopascal,bytearray(b'33920-66R0*'),13.688 volt,92 degree_Celsius,5.0 kilometer,0.0 kilometer,ELM327 v2.1,13.6 volt,77.6470588235294 percent,0.0 percent,"('Closed loop, using oxygen sensor feedback to determine fuel mix', '')",[],[],73 kilopascal,58 degree_Celsius,0.0 percent,10000000000000000000000000000001,10000000000000000000100000000000,Unknown : 0.0 count [PASSED],Unknown : 0.0 millisecond [PASSED],"Unknown : 0.0 degree [PASSED]
Unknown : 0.0 degree [PASSED]",0.08 volt,0.8 volt,"((), (False, False, False, False), (False, False, True, True))",EOBD (Europe),0001000000000000000000000000000000000000,10111110001111101011100000010011,10000000000001011010000000000001,01101010110100000000000000000000,13.72549019607843 percent,1593.0 revolutions_per_minute,965.0 second,-0.78125 percent,56.0 kilometer_per_hour,<obd.OBDResponse.Status object at 0xf6886290>,17.647058823529413 percent,23.92156862745098 percent,18.431372549019606 percent,-1.5 degree,0.0 count
104,2025-04-22 14:49:40,32.549019607843135 percent,14.901960784313726 percent,7.450980392156863 percent,96 kilopascal,bytearray(b'33920-66R0*'),13.711 volt,92 degree_Celsius,6.0 kilometer,0.0 kilometer,ELM327 v2.1,13.3 volt,23.92156862745098 percent,3.9215686274509802 percent,"('Closed loop, using oxygen sensor feedback to determine fuel mix', '')",[],[],27 kilopascal,58 degree_Celsius,0.0 percent,10000000000000000000000000000001,10000000000000000000100000000000,Unknown : 0.0 count [PASSED],Unknown : 0.0 millisecond [PASSED],"Unknown : 0.0 degree [PASSED]
Unknown : 0.0 degree [PASSED]",0.11 volt,0.78 volt,"((), (False, False, False, False), (False, False, True, True))",EOBD (Europe),0001000000000000000000000000000000000000,10111110001111101011100000010011,10000000000001011010000000000001,01101010110100000000000000000000,7.450980392156863 percent,1330.0 revolutions_per_minute,972.0 second,-7.8125 percent,45.0 kilometer_per_hour,<obd.OBDResponse.Status object at 0xf68ea130>,9.803921568627452 percent,17.647058823529413 percent,17.254901960784313 percent,7.5 degree,0.0 count
105,2025-04-22 14:49:47,24.705882352941178 percent,14.509803921568627 percent,7.450980392156863 percent,96 kilopascal,bytearray(b'33920-66R0*'),13.664 volt,91 degree_Celsius,6.0 kilometer,0.0 kilometer,ELM327 v2.1,13.3 volt,33.333333333333336 percent,2.7450980392156863 percent,"('Closed loop, using oxygen sensor feedback to determine fuel mix', '')",[],[],38 kilopascal,57 degree_Celsius,0.0 percent,10000000000000000000000000000001,10000000000000000000100000000000,Unknown : 0.0 count [PASSED],Unknown : 0.0 millisecond [PASSED],"Unknown : 0.0 degree [PASSED]
Unknown : 0.0 degree [PASSED]",0.085 volt,0.77 volt,"((), (False, False, False, False), (False, False, True, True))",EOBD (Europe),0001000000000000000000000000000000000000,10111110001111101011100000010011,10000000000001011010000000000001,01101010110100000000000000000000,14.509803921568627 percent,987.5 revolutions_per_minute,979.0 second,1.5625 percent,28.0 kilometer_per_hour,<obd.OBDResponse.Status object at 0xf689e350>,70.98039215686275 percent,79.2156862745098 percent,78.82352941176471 percent,-3.0 degree,0.0 count
106,2025-04-22 14:49:54,54.90196078431372 percent,14.901960784313726 percent,7.450980392156863 percent,96 kilopascal,bytearray(b'33920-66R0*'),13.593 volt,91 degree_Celsius,6.0 kilometer,0.0 kilometer,ELM327 v2.1,13.6 volt,36.470588235294116 percent,4.313725490196078 percent,"('Closed loop, using oxygen sensor feedback to determine fuel mix', '')",[],[],76 kilopascal,57 degree_Celsius,0.0 percent,10000000000000000000000000000001,10000000000000000000100000000000,Unknown : 0.0 count [PASSED],Unknown : 0.0 millisecond [PASSED],"Unknown : 0.0 degree [PASSED]
Unknown : 0.0 degree [PASSED]",0.92 volt,0.775 volt,"((), (False, False, False, False), (False, False, True, True))",EOBD (Europe),0001000000000000000000000000000000000000,10111110001111101011100000010011,10000000000001011010000000000001,01101010110100000000000000000000,63.529411764705884 percent,1159.0 revolutions_per_minute,986.0 second,6.25 percent,33.0 kilometer_per_hour,<obd.OBDResponse.Status object at 0xf68eab90>,100.0 percent,87.84313725490196 percent,87.45098039215686 percent,-2.5 degree,0.0 count
107,2025-04-22 14:50:01,72.54901960784314 percent,61.1764705882353 percent,30.980392156862745 percent,96 kilopascal,bytearray(b'33920-66R0*'),13.688 volt,90 degree_Celsius,6.0 kilometer,0.0 kilometer,ELM327 v2.1,13.6 volt,98.82352941176471 percent,0.0 percent,"('Closed loop, using oxygen sensor feedback to determine fuel mix', '')",[],[],95 kilopascal,57 degree_Celsius,0.0 percent,10000000000000000000000000000001,10000000000000000000100000000000,Unknown : 0.0 count [PASSED],Unknown : 0.0 millisecond [PASSED],"Unknown : 0.0 degree [PASSED]
Unknown : 0.0 degree [PASSED]",0.795 volt,0.765 volt,"((), (False, False, False, False), (False, False, True, True))",EOBD (Europe),0001000000000000000000000000000000000000,10111110001111101011100000010011,10000000000001011010000000000001,01101010110100000000000000000000,12.941176470588236 percent,1580.0 revolutions_per_minute,993.0 second,3.90625 percent,44.0 kilometer_per_hour,<obd.OBDResponse.Status object at 0xf6846bd0>,18.03921568627451 percent,24.313725490196077 percent,24.313725490196077 percent,9.0 degree,0.0 count
108,2025-04-22 14:50:08,42.35294117647059 percent,14.901960784313726 percent,7.450980392156863 percent,96 kilopascal,bytearray(b'33920-66R0*'),13.664 volt,90 degree_Celsius,6.0 kilometer,0.0 kilometer,ELM327 v2.1,13.6 volt,24.313725490196077 percent,5.490196078431373 percent,"('Closed loop, using oxygen sensor feedback to determine fuel mix', '')",[],[],27 kilopascal,57 degree_Celsius,0.0 percent,10000000000000000000000000000001,10000000000000000000100000000000,Unknown : 0.0 count [PASSED],Unknown : 0.0 millisecond [PASSED],"Unknown : 0.0 degree [PASSED]
Unknown : 0.0 degree [PASSED]",0.88 volt,0.865 volt,"((), (False, False, False, False), (False, False, True, True))",EOBD (Europe),0001000000000000000000000000000000000000,10111110001111101011100000010011,10000000000001011010000000000001,01101010110100000000000000000000,7.8431372549019605 percent,1179.5 revolutions_per_minute,1000.0 second,-15.625 percent,34.0 kilometer_per_hour,<obd.OBDResponse.Status object at 0xf68eabf0>,9.803921568627452 percent,17.647058823529413 percent,17.254901960784313 percent,0.5 degree,0.0 count
109,2025-04-22 14:50:15,32.549019607843135 percent,14.509803921568627 percent,7.450980392156863 percent,96 kilopascal,bytearray(b'33920-66R0*'),13.546000000000001 volt,90 degree_Celsius,6.0 kilometer,0.0 kilometer,ELM327 v2.1,13.5 volt,43.529411764705884 percent,2.7450980392156863 percent,"('Closed loop, using oxygen sensor feedback to determine fuel mix', '')",[],[],48 kilopascal,57 degree_Celsius,0.0 percent,10000000000000000000000000000001,10000000000000000000100000000000,Unknown : 0.0 count [PASSED],Unknown : 0.0 millisecond [PASSED],"Unknown : 0.0 degree [PASSED]
Unknown : 0.0 degree [PASSED]",0.04 volt,0.825 volt,"((), (False, False, False, False), (False, False, True, True))",EOBD (Europe),0001000000000000000000000000000000000000,10111110001111101011100000010011,10000000000001011010000000000001,01101010110100000000000000000000,8.627450980392156 percent,664.5 revolutions_per_minute,1007.0 second,2.34375 percent,8.0 kilometer_per_hour,<obd.OBDResponse.Status object at 0xf6846e50>,9.803921568627452 percent,17.647058823529413 percent,18.431372549019606 percent,0.5 degree,0.0 count
110,2025-04-22 14:50:22,56.470588235294116 percent,33.333333333333336 percent,16.862745098039216 percent,96 kilopascal,bytearray(b'33920-66R0*'),13.805 volt,90 degree_Celsius,6.0 kilometer,0.0 kilometer,ELM327 v2.1,13.8 volt,75.68627450980392 percent,0.0 percent,"('Closed loop, using oxygen sensor feedback to determine fuel mix', '')",[],[],88 kilopascal,57 degree_Celsius,0.0 percent,10000000000000000000000000000001,10000000000000000000100000000000,Unknown : 0.0 count [PASSED],Unknown : 0.0 millisecond [PASSED],"Unknown : 0.0 degree [PASSED]
Unknown : 0.0 degree [PASSED]",0.07 volt,0.735 volt,"((), (False, False, False, False), (False, False, True, True))",EOBD (Europe),0001000000000000000000000000000000000000,10111110001111101011100000010011,10000000000001011010000000000001,01101010110100000000000000000000,8.235294117647058 percent,1772.0 revolutions_per_minute,1014.0 second,3.125 percent,24.0 kilometer_per_hour,<obd.OBDResponse.Status object at 0xf68ea130>,9.803921568627452 percent,17.647058823529413 percent,17.647058823529413 percent,27.0 degree,0.0 count
111,2025-04-22 14:50:29,17.647058823529413 percent,26.274509803921568 percent,14.117647058823529 percent,96 kilopascal,bytearray(b'33920-66R0*'),13.735 volt,90 degree_Celsius,6.0 kilometer,0.0 kilometer,ELM327 v2.1,13.3 volt,33.333333333333336 percent,0.0 percent,"('Open loop due to engine load OR fuel cut due to deceleration', '')",[],[],44 kilopascal,57 degree_Celsius,0.0 percent,10000000000000000000000000000001,10000000000000000000100000000000,Unknown : 0.0 count [PASSED],Unknown : 0.0 millisecond [PASSED],"Unknown : 0.0 degree [PASSED]
Unknown : 0.0 degree [PASSED]",0.82 volt,0.635 volt,"((), (False, False, False, False), (False, False, True, True))",EOBD (Europe),0001000000000000000000000000000000000000,10111110001111101011100000010011,10000000000001011010000000000001,01101010110100000000000000000000,9.019607843137255 percent,1435.5 revolutions_per_minute,1021.0 second,7.8125 percent,18.0 kilometer_per_hour,<obd.OBDResponse.Status object at 0xf6886610>,10.588235294117647 percent,18.03921568627451 percent,18.03921568627451 percent,7.5 degree,0.0 count
112,2025-04-22 14:50:36,27.45098039215686 percent,14.901960784313726 percent,7.450980392156863 percent,96 kilopascal,bytearray(b'33920-66R0*'),12.863 volt,90 degree_Celsius,6.0 kilometer,0.0 kilometer,ELM327 v2.1,12.8 volt,48.23529411764706 percent,0.0 percent,"('Closed loop, using oxygen sensor feedback to determine fuel mix', '')",[],[],60 kilopascal,58 degree_Celsius,0.0 percent,10000000000000000000000000000001,10000000000000000000100000000000,Unknown : 0.0 count [PASSED],Unknown : 0.0 millisecond [PASSED],"Unknown : 0.0 degree [PASSED]
Unknown : 0.0 degree [PASSED]",0.87 volt,0.685 volt,"((), (False, False, False, False), (False, False, True, True))",EOBD (Europe),0001000000000000000000000000000000000000,10111110001111101011100000010011,10000000000001011010000000000001,01101010110100000000000000000000,15.686274509803921 percent,1327.5 revolutions_per_minute,1028.0 second,7.03125 percent,18.0 kilometer_per_hour,<obd.OBDResponse.Status object at 0xf689ec30>,13.72549019607843 percent,20.392156862745097 percent,20.392156862745097 percent,16.5 degree,0.0 count
113,2025-04-22 14:50:44,22.745098039215687 percent,20.784313725490197 percent,11.372549019607844 percent,96 kilopascal,bytearray(b'33920-66R0*'),13.664 volt,90 degree_Celsius,6.0 kilometer,0.0 kilometer,ELM327 v2.1,13.6 volt,38.8235294117647 percent,2.7450980392156863 percent,"('Closed loop, using oxygen sensor feedback to determine fuel mix', '')",[],[],46 kilopascal,59 degree_Celsius,0.0 percent,10000000000000000000000000000001,10000000000000000000100000000000,Unknown : 0.0 count [PASSED],Unknown : 0.0 millisecond [PASSED],"Unknown : 0.0 degree [PASSED]
Unknown : 0.0 degree [PASSED]",0.865 volt,0.675 volt,"((), (False, False, False, False), (False, False, True, True))",EOBD (Europe),0001000000000000000000000000000000000000,10111110001111101011100000010011,10000000000001011010000000000001,01101010110100000000000000000000,7.8431372549019605 percent,1086.0 revolutions_per_minute,1035.0 second,6.25 percent,12.0 kilometer_per_hour,<obd.OBDResponse.Status object at 0xf6846bd0>,9.803921568627452 percent,17.647058823529413 percent,17.647058823529413 percent,6.0 degree,0.0 count
114,2025-04-22 14:50:51,38.03921568627451 percent,24.313725490196077 percent,12.156862745098039 percent,96 kilopascal,bytearray(b'33920-66R0*'),13.523 volt,90 degree_Celsius,6.0 kilometer,0.0 kilometer,ELM327 v2.1,13.5 volt,57.64705882352941 percent,2.3529411764705883 percent,"('Closed loop, using oxygen sensor feedback to determine fuel mix', '')",[],[],44 kilopascal,59 degree_Celsius,0.0 percent,10000000000000000000000000000001,10000000000000000000100000000000,Unknown : 0.0 count [PASSED],Unknown : 0.0 millisecond [PASSED],"Unknown : 0.0 degree [PASSED]
Unknown : 0.0 degree [PASSED]",0.075 volt,0.68 volt,"((), (False, False, False, False), (False, False, True, True))",EOBD (Europe),0001000000000000000000000000000000000000,10111110001111101011100000010011,10000000000001011010000000000001,01101010110100000000000000000000,8.235294117647058 percent,1091.5 revolutions_per_minute,1042.0 second,5.46875 percent,14.0 kilometer_per_hour,<obd.OBDResponse.Status object at 0xf68ea130>,11.372549019607844 percent,18.823529411764707 percent,18.823529411764707 percent,15.0 degree,0.0 count
115,2025-04-22 14:50:58,29.41176470588235 percent,21.176470588235293 percent,10.588235294117647 percent,96 kilopascal,bytearray(b'33920-66R0*'),13.64 volt,91 degree_Celsius,6.0 kilometer,0.0 kilometer,ELM327 v2.1,13.2 volt,37.64705882352941 percent,3.1372549019607843 percent,"('Closed loop, using oxygen sensor feedback to determine fuel mix', '')",[],[],52 kilopascal,59 degree_Celsius,0.0 percent,10000000000000000000000000000001,10000000000000000000100000000000,Unknown : 0.0 count [PASSED],Unknown : 0.0 millisecond [PASSED],"Unknown : 0.0 degree [PASSED]
Unknown : 0.0 degree [PASSED]",0.875 volt,0.685 volt,"((), (False, False, False, False), (False, False, True, True))",EOBD (Europe),0001000000000000000000000000000000000000,10111110001111101011100000010011,10000000000001011010000000000001,01101010110100000000000000000000,8.627450980392156 percent,1331.5 revolutions_per_minute,1049.0 second,-3.90625 percent,16.0 kilometer_per_hour,<obd.OBDResponse.Status object at 0xf6886610>,10.588235294117647 percent,18.03921568627451 percent,20.392156862745097 percent,16.5 degree,0.0 count
116,2025-04-22 14:51:05,46.27450980392157 percent,14.509803921568627 percent,7.450980392156863 percent,96 kilopascal,bytearray(b'33920-66R0*'),13.664 volt,90 degree_Celsius,6.0 kilometer,0.0 kilometer,ELM327 v2.1,13.2 volt,62.35294117647059 percent,7.8431372549019605 percent,"('Closed loop, using oxygen sensor feedback to determine fuel mix', '')",[],[],44 kilopascal,59 degree_Celsius,0.0 percent,10000000000000000000000000000001,10000000000000000000100000000000,Unknown : 0.0 count [PASSED],Unknown : 0.0 millisecond [PASSED],"Unknown : 0.0 degree [PASSED]
Unknown : 0.0 degree [PASSED]",0.205 volt,0.775 volt,"((), (False, False, False, False), (False, False, True, True))",EOBD (Europe),0001000000000000000000000000000000000000,10111110001111101011100000010011,10000000000001011010000000000001,01101010110100000000000000000000,7.8431372549019605 percent,1622.0 revolutions_per_minute,1056.0 second,2.34375 percent,21.0 kilometer_per_hour,<obd.OBDResponse.Status object at 0xf689e990>,12.549019607843137 percent,20.0 percent,20.0 percent,21.0 degree,0.0 count
117,2025-04-22 14:51:12,43.92156862745098 percent,30.19607843137255 percent,15.294117647058824 percent,96 kilopascal,bytearray(b'33920-66R0*'),13.711 volt,90 degree_Celsius,6.0 kilometer,0.0 kilometer,ELM327 v2.1,13.3 volt,61.96078431372549 percent,0.0 percent,"('Closed loop, using oxygen sensor feedback to determine fuel mix', '')",[],[],32 kilopascal,59 degree_Celsius,0.0 percent,10000000000000000000000000000001,10000000000000000000100000000000,Unknown : 0.0 count [PASSED],Unknown : 0.0 millisecond [PASSED],"Unknown : 0.0 degree [PASSED]
Unknown : 0.0 degree [PASSED]",0.065 volt,0.76 volt,"((), (False, False, False, False), (False, False, True, True))",EOBD (Europe),0001000000000000000000000000000000000000,10111110001111101011100000010011,10000000000001011010000000000001,01101010110100000000000000000000,9.803921568627452 percent,2102.5 revolutions_per_minute,1063.0 second,2.34375 percent,28.0 kilometer_per_hour,<obd.OBDResponse.Status object at 0xf689e350>,8.627450980392156 percent,18.03921568627451 percent,18.03921568627451 percent,0.5 degree,0.0 count
118,2025-04-22 14:51:19,25.49019607843137 percent,14.901960784313726 percent,7.450980392156863 percent,96 kilopascal,bytearray(b'33920-66R0*'),13.664 volt,90 degree_Celsius,6.0 kilometer,0.0 kilometer,ELM327 v2.1,13.6 volt,27.84313725490196 percent,0.0 percent,"('Closed loop, using oxygen sensor feedback to determine fuel mix', '')",[],[],38 kilopascal,59 degree_Celsius,0.0 percent,10000000000000000000000000000001,10000000000000000000100000000000,Unknown : 0.0 count [PASSED],Unknown : 0.0 millisecond [PASSED],"Unknown : 0.0 degree [PASSED]
Unknown : 0.0 degree [PASSED]",0.775 volt,0.715 volt,"((), (False, False, False, False), (False, False, True, True))",EOBD (Europe),0001000000000000000000000000000000000000,10111110001111101011100000010011,10000000000001011010000000000001,01101010110100000000000000000000,9.411764705882353 percent,1667.5 revolutions_per_minute,1070.0 second,3.125 percent,22.0 kilometer_per_hour,<obd.OBDResponse.Status object at 0xf6886290>,8.627450980392156 percent,16.862745098039216 percent,17.254901960784313 percent,2.0 degree,0.0 count
119,2025-04-22 14:51:26,18.431372549019606 percent,36.470588235294116 percent,19.607843137254903 percent,96 kilopascal,bytearray(b'33920-66R0*'),13.853 volt,90 degree_Celsius,6.0 kilometer,0.0 kilometer,ELM327 v2.1,13.3 volt,80.0 percent,0.0 percent,"('Open loop due to engine load OR fuel cut due to deceleration', '')",[],[],84 kilopascal,58 degree_Celsius,0.0 percent,10000000000000000000000000000001,10000000000000000000100000000000,Unknown : 0.0 count [PASSED],Unknown : 0.0 millisecond [PASSED],"Unknown : 0.0 degree [PASSED]
Unknown : 0.0 degree [PASSED]",0.8 volt,0.58 volt,"((), (False, False, False, False), (False, False, True, True))",EOBD (Europe),0001000000000000000000000000000000000000,10111110001111101011100000010011,10000000000001011010000000000001,01101010110100000000000000000000,7.8431372549019605 percent,1400.0 revolutions_per_minute,1077.0 second,0.0 percent,32.0 kilometer_per_hour,<obd.OBDResponse.Status object at 0xf68ead90>,14.901960784313726 percent,21.176470588235293 percent,25.098039215686274 percent,7.5 degree,0.0 count
120,2025-04-22 14:51:33,28.235294117647058 percent,14.901960784313726 percent,7.450980392156863 percent,96 kilopascal,bytearray(b'33920-66R0*'),13.688 volt,90 degree_Celsius,6.0 kilometer,0.0 kilometer,ELM327 v2.1,13.6 volt,23.92156862745098 percent,0.0 percent,"('Closed loop, using oxygen sensor feedback to determine fuel mix', '')",[],[],35 kilopascal,58 degree_Celsius,0.0 percent,10000000000000000000000000000001,10000000000000000000100000000000,Unknown : 0.0 count [PASSED],Unknown : 0.0 millisecond [PASSED],"Unknown : 0.0 degree [PASSED]
Unknown : 0.0 degree [PASSED]",0.16 volt,0.155 volt,"((), (False, False, False, False), (False, False, True, True))",EOBD (Europe),0001000000000000000000000000000000000000,10111110001111101011100000010011,10000000000001011010000000000001,01101010110100000000000000000000,7.450980392156863 percent,866.5 revolutions_per_minute,1084.0 second,6.25 percent,11.0 kilometer_per_hour,<obd.OBDResponse.Status object at 0xf689ec30>,9.411764705882353 percent,18.431372549019606 percent,21.96078431372549 percent,3.0 degree,0.0 count
121,2025-04-22 14:51:40,56.86274509803921 percent,36.86274509803921 percent,18.823529411764707 percent,96 kilopascal,bytearray(b'33920-66R0*'),13.688 volt,91 degree_Celsius,6.0 kilometer,0.0 kilometer,ELM327 v2.1,13.8 volt,90.98039215686275 percent,0.0 percent,"('Closed loop, using oxygen sensor feedback to determine fuel mix', '')",[],[],54 kilopascal,58 degree_Celsius,0.0 percent,10000000000000000000000000000001,10000000000000000000100000000000,Unknown : 0.0 count [PASSED],Unknown : 0.0 millisecond [PASSED],"Unknown : 0.0 degree [PASSED]
Unknown : 0.0 degree [PASSED]",0.545 volt,0.185 volt,"((), (False, False, False, False), (False, False, True, True))",EOBD (Europe),0001000000000000000000000000000000000000,10111110001111101011100000010011,10000000000001011010000000000001,01101010110100000000000000000000,8.235294117647058 percent,1736.0 revolutions_per_minute,1091.0 second,0.0 percent,23.0 kilometer_per_hour,<obd.OBDResponse.Status object at 0xf6846ef0>,9.019607843137255 percent,17.254901960784313 percent,17.254901960784313 percent,-1.0 degree,0.0 count
122,2025-04-22 14:51:47,20.784313725490197 percent,14.901960784313726 percent,7.450980392156863 percent,96 kilopascal,bytearray(b'33920-66R0*'),13.711 volt,91 degree_Celsius,6.0 kilometer,0.0 kilometer,ELM327 v2.1,13.2 volt,34.11764705882353 percent,0.0 percent,"('Open loop due to engine load OR fuel cut due to deceleration', '')",[],[],42 kilopascal,57 degree_Celsius,0.0 percent,10000000000000000000000000000001,10000000000000000000100000000000,Unknown : 0.0 count [PASSED],Unknown : 0.0 millisecond [PASSED],"Unknown : 0.0 degree [PASSED]
Unknown : 0.0 degree [PASSED]",0.875 volt,0.125 volt,"((), (False, False, False, False), (False, False, True, True))",EOBD (Europe),0001000000000000000000000000000000000000,10111110001111101011100000010011,10000000000001011010000000000001,01101010110100000000000000000000,7.450980392156863 percent,843.0 revolutions_per_minute,1098.0 second,0.0 percent,4.0 kilometer_per_hour,<obd.OBDResponse.Status object at 0xf68eabf0>,9.803921568627452 percent,17.647058823529413 percent,17.647058823529413 percent,-7.0 degree,0.0 count
123,2025-04-22 14:51:54,36.07843137254902 percent,14.901960784313726 percent,7.450980392156863 percent,96 kilopascal,bytearray(b'33920-66R0*'),13.546000000000001 volt,91 degree_Celsius,6.0 kilometer,0.0 kilometer,ELM327 v2.1,13.2 volt,48.627450980392155 percent,0.0 percent,"('Open loop due to engine load OR fuel cut due to deceleration', '')",[],[],56 kilopascal,57 degree_Celsius,0.0 percent,10000000000000000000000000000001,10000000000000000000100000000000,Unknown : 0.0 count [PASSED],Unknown : 0.0 millisecond [PASSED],"Unknown : 0.0 degree [PASSED]
Unknown : 0.0 degree [PASSED]",0.815 volt,0.155 volt,"((), (False, False, False, False), (False, False, True, True))",EOBD (Europe),0001000000000000000000000000000000000000,10111110001111101011100000010011,10000000000001011010000000000001,01101010110100000000000000000000,7.8431372549019605 percent,904.5 revolutions_per_minute,1105.0 second,7.8125 percent,0.0 kilometer_per_hour,<obd.OBDResponse.Status object at 0xf6846e50>,18.03921568627451 percent,23.92156862745098 percent,23.137254901960784 percent,-8.5 degree,0.0 count
124,2025-04-22 14:52:01,44.705882352941174 percent,14.901960784313726 percent,7.450980392156863 percent,96 kilopascal,bytearray(b'33920-66R0*'),13.381 volt,92 degree_Celsius,6.0 kilometer,0.0 kilometer,ELM327 v2.1,12.9 volt,49.80392156862745 percent,0.0 percent,"('Open loop due to engine load OR fuel cut due to deceleration', '')",[],[],56 kilopascal,58 degree_Celsius,0.0 percent,10000000000000000000000000000001,10000000000000000000100000000000,Unknown : 0.0 count [PASSED],Unknown : 0.0 millisecond [PASSED],"Unknown : 0.0 degree [PASSED]
Unknown : 0.0 degree [PASSED]",0.79 volt,0.16 volt,"((), (False, False, False, False), (False, False, True, True))",EOBD (Europe),0001000000000000000000000000000000000000,10111110001111101011100000010011,10000000000001011010000000000001,01101010110100000000000000000000,9.411764705882353 percent,830.5 revolutions_per_minute,1112.0 second,4.6875 percent,0.0 kilometer_per_hour,<obd.OBDResponse.Status object at 0xf68eacd0>,10.980392156862745 percent,18.431372549019606 percent,18.431372549019606 percent,-7.5 degree,0.0 count
125,2025-04-22 14:52:08,28.235294117647058 percent,14.901960784313726 percent,7.450980392156863 percent,96 kilopascal,bytearray(b'33920-66R0*'),13.593 volt,92 degree_Celsius,6.0 kilometer,0.0 kilometer,ELM327 v2.1,13.3 volt,40.78431372549019 percent,0.0 percent,"('Open loop due to engine load OR fuel cut due to deceleration', '')",[],[],46 kilopascal,59 degree_Celsius,0.0 percent,10000000000000000000000000000001,10000000000000000000100000000000,Unknown : 0.0 count [PASSED],Unknown : 0.0 millisecond [PASSED],"Unknown : 0.0 degree [PASSED]
Unknown : 0.0 degree [PASSED]",0.8 volt,0.155 volt,"((), (False, False, False, False), (False, False, True, True))",EOBD (Europe),0001000000000000000000000000000000000000,10111110001111101011100000010011,10000000000001011010000000000001,01101010110100000000000000000000,7.8431372549019605 percent,857.5 revolutions_per_minute,1119.0 second,4.6875 percent,0.0 kilometer_per_hour,<obd.OBDResponse.Status object at 0xf689e350>,9.803921568627452 percent,17.647058823529413 percent,17.647058823529413 percent,-6.0 degree,0.0 count
126,2025-04-22 14:52:15,29.80392156862745 percent,14.509803921568627 percent,7.450980392156863 percent,96 kilopascal,bytearray(b'33920-66R0*'),13.64 volt,92 degree_Celsius,6.0 kilometer,0.0 kilometer,ELM327 v2.1,13.5 volt,40.78431372549019 percent,0.0 percent,"('Open loop due to engine load OR fuel cut due to deceleration', '')",[],[],46 kilopascal,59 degree_Celsius,0.0 percent,10000000000000000000000000000001,10000000000000000000100000000000,Unknown : 0.0 count [PASSED],Unknown : 0.0 millisecond [PASSED],"Unknown : 0.0 degree [PASSED]
Unknown : 0.0 degree [PASSED]",0.835 volt,0.155 volt,"((), (False, False, False, False), (False, False, True, True))",EOBD (Europe),0001000000000000000000000000000000000000,10111110001111101011100000010011,10000000000001011010000000000001,01101010110100000000000000000000,7.450980392156863 percent,840.0 revolutions_per_minute,1126.0 second,2.34375 percent,0.0 kilometer_per_hour,<obd.OBDResponse.Status object at 0xf68eab50>,9.803921568627452 percent,17.647058823529413 percent,17.647058823529413 percent,-4.5 degree,0.0 count
127,2025-04-22 14:52:22,29.80392156862745 percent,14.509803921568627 percent,7.450980392156863 percent,96 kilopascal,bytearray(b'33920-66R0*'),13.664 volt,92 degree_Celsius,6.0 kilometer,0.0 kilometer,ELM327 v2.1,13.5 volt,40.78431372549019 percent,0.0 percent,"('Open loop due to engine load OR fuel cut due to deceleration', '')",[],[],46 kilopascal,60 degree_Celsius,0.0 percent,10000000000000000000000000000001,10000000000000000000100000000000,Unknown : 0.0 count [PASSED],Unknown : 0.0 millisecond [PASSED],"Unknown : 0.0 degree [PASSED]
Unknown : 0.0 degree [PASSED]",0.605 volt,0.155 volt,"((), (False, False, False, False), (False, False, True, True))",EOBD (Europe),0001000000000000000000000000000000000000,10111110001111101011100000010011,10000000000001011010000000000001,01101010110100000000000000000000,7.450980392156863 percent,856.5 revolutions_per_minute,1133.0 second,1.5625 percent,0.0 kilometer_per_hour,<obd.OBDResponse.Status object at 0xf68eacd0>,9.803921568627452 percent,17.647058823529413 percent,17.647058823529413 percent,-4.0 degree,0.0 count
128,2025-04-22 14:52:29,29.41176470588235 percent,14.901960784313726 percent,7.450980392156863 percent,96 kilopascal,bytearray(b'33920-66R0*'),13.593 volt,92 degree_Celsius,6.0 kilometer,0.0 kilometer,ELM327 v2.1,13.2 volt,40.0 percent,0.0 percent,"('Open loop due to engine load OR fuel cut due to deceleration', '')",[],[],45 kilopascal,60 degree_Celsius,0.0 percent,10000000000000000000000000000001,10000000000000000000100000000000,Unknown : 0.0 count [PASSED],Unknown : 0.0 millisecond [PASSED],"Unknown : 0.0 degree [PASSED]
Unknown : 0.0 degree [PASSED]",0.085 volt,0.155 volt,"((), (False, False, False, False), (False, False, True, True))",EOBD (Europe),0001000000000000000000000000000000000000,10111110001111101011100000010011,10000000000001011010000000000001,01101010110100000000000000000000,7.450980392156863 percent,861.5 revolutions_per_minute,1140.0 second,6.25 percent,0.0 kilometer_per_hour,<obd.OBDResponse.Status object at 0xf68cd130>,9.803921568627452 percent,17.647058823529413 percent,17.254901960784313 percent,-4.0 degree,0.0 count
129,2025-04-22 14:52:36,29.80392156862745 percent,14.901960784313726 percent,7.450980392156863 percent,96 kilopascal,bytearray(b'33920-66R0*'),13.593 volt,92 degree_Celsius,6.0 kilometer,0.0 kilometer,ELM327 v2.1,13.4 volt,40.3921568627451 percent,0.0 percent,"('Open loop due to engine load OR fuel cut due to deceleration', '')",[],[],45 kilopascal,61 degree_Celsius,0.0 percent,10000000000000000000000000000001,10000000000000000000100000000000,Unknown : 0.0 count [PASSED],Unknown : 0.0 millisecond [PASSED],"Unknown : 0.0 degree [PASSED]
Unknown : 0.0 degree [PASSED]",0.06 volt,0.16 volt,"((), (False, False, False, False), (False, False, True, True))",EOBD (Europe),0001000000000000000000000000000000000000,10111110001111101011100000010011,10000000000001011010000000000001,01101010110100000000000000000000,7.450980392156863 percent,848.5 revolutions_per_minute,1147.0 second,8.59375 percent,0.0 kilometer_per_hour,<obd.OBDResponse.Status object at 0xf68eabf0>,9.803921568627452 percent,17.647058823529413 percent,17.647058823529413 percent,-4.5 degree,0.0 count
130,2025-04-22 14:52:43,28.627450980392158 percent,14.901960784313726 percent,7.450980392156863 percent,96 kilopascal,bytearray(b'33920-66R0*'),13.711 volt,91 degree_Celsius,6.0 kilometer,0.0 kilometer,ELM327 v2.1,13.5 volt,40.3921568627451 percent,0.0 percent,"('Closed loop, using oxygen sensor feedback to determine fuel mix', '')",[],[],45 kilopascal,62 degree_Celsius,0.0 percent,10000000000000000000000000000001,10000000000000000000100000000000,Unknown : 0.0 count [PASSED],Unknown : 0.0 millisecond [PASSED],"Unknown : 0.0 degree [PASSED]
Unknown : 0.0 degree [PASSED]",0.675 volt,0.16 volt,"((), (False, False, False, False), (False, False, True, True))",EOBD (Europe),0001000000000000000000000000000000000000,10111110001111101011100000010011,10000000000001011010000000000001,01101010110100000000000000000000,7.450980392156863 percent,848.0 revolutions_per_minute,1154.0 second,7.03125 percent,0.0 kilometer_per_hour,<obd.OBDResponse.Status object at 0xf6846ef0>,9.803921568627452 percent,17.647058823529413 percent,17.254901960784313 percent,-3.0 degree,0.0 count
131,2025-04-22 14:52:50,28.627450980392158 percent,14.901960784313726 percent,7.450980392156863 percent,96 kilopascal,bytearray(b'33920-66R0*'),13.688 volt,91 degree_Celsius,6.0 kilometer,0.0 kilometer,ELM327 v2.1,13.1 volt,39.6078431372549 percent,0.0 percent,"('Closed loop, using oxygen sensor feedback to determine fuel mix', '')",[],[],45 kilopascal,63 degree_Celsius,1.5625 percent,10000000000000000000000000000001,10000000000000000000100000000000,Unknown : 0.0 count [PASSED],Unknown : 0.0 millisecond [PASSED],"Unknown : 0.0 degree [PASSED]
Unknown : 0.0 degree [PASSED]",0.13 volt,0.16 volt,"((), (False, False, False, False), (False, False, True, True))",EOBD (Europe),0001000000000000000000000000000000000000,10111110001111101011100000010011,10000000000001011010000000000001,01101010110100000000000000000000,7.450980392156863 percent,863.5 revolutions_per_minute,1161.0 second,10.15625 percent,0.0 kilometer_per_hour,<obd.OBDResponse.Status object at 0xf68ead90>,9.803921568627452 percent,17.647058823529413 percent,17.254901960784313 percent,-3.0 degree,0.0 count
132,2025-04-22 14:52:56,29.019607843137255 percent,14.901960784313726 percent,7.450980392156863 percent,96 kilopascal,bytearray(b'33920-66R0*'),13.57 volt,91 degree_Celsius,6.0 kilometer,0.0 kilometer,ELM327 v2.1,13.5 volt,39.6078431372549 percent,0.0 percent,"('Closed loop, using oxygen sensor feedback to determine fuel mix', '')",[],[],44 kilopascal,63 degree_Celsius,2.34375 percent,10000000000000000000000000000001,10000000000000000000100000000000,Unknown : 0.0 count [PASSED],Unknown : 0.0 millisecond [PASSED],"Unknown : 0.0 degree [PASSED]
Unknown : 0.0 degree [PASSED]",0.76 volt,0.16 volt,"((), (False, False, False, False), (False, False, True, True))",EOBD (Europe),0001000000000000000000000000000000000000,10111110001111101011100000010011,10000000000001011010000000000001,01101010110100000000000000000000,7.450980392156863 percent,854.0 revolutions_per_minute,1168.0 second,8.59375 percent,0.0 kilometer_per_hour,<obd.OBDResponse.Status object at 0xf68861d0>,9.803921568627452 percent,17.647058823529413 percent,17.647058823529413 percent,-2.5 degree,0.0 count
133,2025-04-22 14:53:03,29.019607843137255 percent,14.901960784313726 percent,7.450980392156863 percent,96 kilopascal,bytearray(b'33920-66R0*'),13.593 volt,90 degree_Celsius,6.0 kilometer,0.0 kilometer,ELM327 v2.1,13.6 volt,40.78431372549019 percent,0.0 percent,"('Closed loop, using oxygen sensor feedback to determine fuel mix', '')",[],[],45 kilopascal,63 degree_Celsius,3.125 percent,10000000000000000000000000000001,10000000000000000000100000000000,Unknown : 0.0 count [PASSED],Unknown : 0.0 millisecond [PASSED],"Unknown : 0.0 degree [PASSED]
Unknown : 0.0 degree [PASSED]",0.83 volt,0.165 volt,"((), (False, False, False, False), (False, False, True, True))",EOBD (Europe),0001000000000000000000000000000000000000,10111110001111101011100000010011,10000000000001011010000000000001,01101010110100000000000000000000,7.450980392156863 percent,841.5 revolutions_per_minute,1175.0 second,6.25 percent,0.0 kilometer_per_hour,<obd.OBDResponse.Status object at 0xf68eabf0>,9.803921568627452 percent,17.647058823529413 percent,17.647058823529413 percent,-2.5 degree,0.0 count
134,2025-04-22 14:53:10,29.41176470588235 percent,14.509803921568627 percent,7.450980392156863 percent,96 kilopascal,bytearray(b'33920-66R0*'),13.57 volt,90 degree_Celsius,6.0 kilometer,0.0 kilometer,ELM327 v2.1,13.2 volt,40.3921568627451 percent,0.0 percent,"('Closed loop, using oxygen sensor feedback to determine fuel mix', '')",[],[],45 kilopascal,64 degree_Celsius,3.90625 percent,10000000000000000000000000000001,10000000000000000000100000000000,Unknown : 0.0 count [PASSED],Unknown : 0.0 millisecond [PASSED],"Unknown : 0.0 degree [PASSED]
Unknown : 0.0 degree [PASSED]",0.835 volt,0.165 volt,"((), (False, False, False, False), (False, False, True, True))",EOBD (Europe),0001000000000000000000000000000000000000,10111110001111101011100000010011,10000000000001011010000000000001,01101010110100000000000000000000,7.450980392156863 percent,838.5 revolutions_per_minute,1182.0 second,4.6875 percent,0.0 kilometer_per_hour,<obd.OBDResponse.Status object at 0xf689ec30>,9.803921568627452 percent,17.647058823529413 percent,17.647058823529413 percent,-1.0 degree,0.0 count
135,2025-04-22 14:53:18,29.41176470588235 percent,14.901960784313726 percent,7.450980392156863 percent,96 kilopascal,bytearray(b'33920-66R0*'),13.57 volt,90 degree_Celsius,6.0 kilometer,0.0 kilometer,ELM327 v2.1,13.6 volt,41.568627450980394 percent,0.0 percent,"('Closed loop, using oxygen sensor feedback to determine fuel mix', '')",[],[],46 kilopascal,64 degree_Celsius,4.6875 percent,10000000000000000000000000000001,10000000000000000000100000000000,Unknown : 0.0 count [PASSED],Unknown : 0.0 millisecond [PASSED],"Unknown : 0.0 degree [PASSED]
Unknown : 0.0 degree [PASSED]",0.81 volt,0.165 volt,"((), (False, False, False, False), (False, False, True, True))",EOBD (Europe),0001000000000000000000000000000000000000,10111110001111101011100000010011,10000000000001011010000000000001,01101010110100000000000000000000,7.8431372549019605 percent,854.0 revolutions_per_minute,1189.0 second,5.46875 percent,0.0 kilometer_per_hour,<obd.OBDResponse.Status object at 0xf68eab50>,9.803921568627452 percent,17.647058823529413 percent,17.647058823529413 percent,-3.0 degree,0.0 count
136,2025-04-22 14:53:25,29.80392156862745 percent,14.901960784313726 percent,7.450980392156863 percent,96 kilopascal,bytearray(b'33920-66R0*'),13.593 volt,90 degree_Celsius,6.0 kilometer,0.0 kilometer,ELM327 v2.1,13.1 volt,41.1764705882353 percent,0.0 percent,"('Closed loop, using oxygen sensor feedback to determine fuel mix', '')",[],[],46 kilopascal,65 degree_Celsius,5.46875 percent,10000000000000000000000000000001,10000000000000000000100000000000,Unknown : 0.0 count [PASSED],Unknown : 0.0 millisecond [PASSED],"Unknown : 0.0 degree [PASSED]
Unknown : 0.0 degree [PASSED]",0.8 volt,0.165 volt,"((), (False, False, False, False), (False, False, True, True))",EOBD (Europe),0001000000000000000000000000000000000000,10111110001111101011100000010011,10000000000001011010000000000001,01101010110100000000000000000000,7.8431372549019605 percent,855.5 revolutions_per_minute,1196.0 second,4.6875 percent,0.0 kilometer_per_hour,<obd.OBDResponse.Status object at 0xf689ec30>,9.803921568627452 percent,17.647058823529413 percent,17.647058823529413 percent,-4.0 degree,0.0 count
137,2025-04-22 14:53:32,29.80392156862745 percent,14.901960784313726 percent,7.450980392156863 percent,96 kilopascal,bytearray(b'33920-66R0*'),13.546000000000001 volt,90 degree_Celsius,6.0 kilometer,0.0 kilometer,ELM327 v2.1,13.3 volt,41.96078431372549 percent,0.0 percent,"('Closed loop, using oxygen sensor feedback to determine fuel mix', '')",[],[],47 kilopascal,65 degree_Celsius,5.46875 percent,10000000000000000000000000000001,10000000000000000000100000000000,Unknown : 0.0 count [PASSED],Unknown : 0.0 millisecond [PASSED],"Unknown : 0.0 degree [PASSED]
Unknown : 0.0 degree [PASSED]",0.395 volt,0.17 volt,"((), (False, False, False, False), (False, False, True, True))",EOBD (Europe),0001000000000000000000000000000000000000,10111110001111101011100000010011,10000000000001011010000000000001,01101010110100000000000000000000,7.8431372549019605 percent,860.5 revolutions_per_minute,1203.0 second,6.25 percent,0.0 kilometer_per_hour,<obd.OBDResponse.Status object at 0xf68ead90>,10.196078431372548 percent,18.03921568627451 percent,17.647058823529413 percent,-4.0 degree,0.0 count
138,2025-04-22 14:53:39,30.980392156862745 percent,14.901960784313726 percent,7.450980392156863 percent,96 kilopascal,bytearray(b'33920-66R0*'),13.57 volt,90 degree_Celsius,6.0 kilometer,0.0 kilometer,ELM327 v2.1,13.2 volt,42.35294117647059 percent,0.0 percent,"('Closed loop, using oxygen sensor feedback to determine fuel mix', '')",[],[],47 kilopascal,66 degree_Celsius,6.25 percent,10000000000000000000000000000001,10000000000000000000100000000000,Unknown : 0.0 count [PASSED],Unknown : 0.0 millisecond [PASSED],"Unknown : 0.0 degree [PASSED]
Unknown : 0.0 degree [PASSED]",0.105 volt,0.17 volt,"((), (False, False, False, False), (False, False, True, True))",EOBD (Europe),0001000000000000000000000000000000000000,10111110001111101011100000010011,10000000000001011010000000000001,01101010110100000000000000000000,7.8431372549019605 percent,857.0 revolutions_per_minute,1210.0 second,5.46875 percent,0.0 kilometer_per_hour,<obd.OBDResponse.Status object at 0xf6846bd0>,10.196078431372548 percent,18.03921568627451 percent,17.647058823529413 percent,-3.0 degree,0.0 count
139,2025-04-22 14:53:46,30.588235294117645 percent,14.901960784313726 percent,7.450980392156863 percent,96 kilopascal,bytearray(b'33920-66R0*'),13.664 volt,90 degree_Celsius,6.0 kilometer,0.0 kilometer,ELM327 v2.1,13.5 volt,42.35294117647059 percent,0.0 percent,"('Closed loop, using oxygen sensor feedback to determine fuel mix', '')",[],[],48 kilopascal,66 degree_Celsius,6.25 percent,10000000000000000000000000000001,10000000000000000000100000000000,Unknown : 0.0 count [PASSED],Unknown : 0.0 millisecond [PASSED],"Unknown : 0.0 degree [PASSED]
Unknown : 0.0 degree [PASSED]",0.09 volt,0.17 volt,"((), (False, False, False, False), (False, False, True, True))",EOBD (Europe),0001000000000000000000000000000000000000,10111110001111101011100000010011,10000000000001011010000000000001,01101010110100000000000000000000,7.8431372549019605 percent,856.0 revolutions_per_minute,1217.0 second,1.5625 percent,0.0 kilometer_per_hour,<obd.OBDResponse.Status object at 0xf68eab50>,10.196078431372548 percent,18.03921568627451 percent,17.647058823529413 percent,-3.0 degree,0.0 count
140,2025-04-22 14:53:53,30.588235294117645 percent,14.901960784313726 percent,7.450980392156863 percent,96 kilopascal,bytearray(b'33920-66R0*'),13.688 volt,91 degree_Celsius,6.0 kilometer,0.0 kilometer,ELM327 v2.1,13.2 volt,42.35294117647059 percent,0.0 percent,"('Closed loop, using oxygen sensor feedback to determine fuel mix', '')",[],[],48 kilopascal,66 degree_Celsius,6.25 percent,10000000000000000000000000000001,10000000000000000000100000000000,Unknown : 0.0 count [PASSED],Unknown : 0.0 millisecond [PASSED],"Unknown : 0.0 degree [PASSED]
Unknown : 0.0 degree [PASSED]",0.665 volt,0.175 volt,"((), (False, False, False, False), (False, False, True, True))",EOBD (Europe),0001000000000000000000000000000000000000,10111110001111101011100000010011,10000000000001011010000000000001,01101010110100000000000000000000,7.8431372549019605 percent,837.0 revolutions_per_minute,1224.0 second,0.78125 percent,0.0 kilometer_per_hour,<obd.OBDResponse.Status object at 0xf689ec30>,10.196078431372548 percent,18.03921568627451 percent,17.647058823529413 percent,-4.0 degree,0.0 count
141,2025-04-22 14:54:00,30.588235294117645 percent,14.901960784313726 percent,7.450980392156863 percent,96 kilopascal,bytearray(b'33920-66R0*'),13.64 volt,90 degree_Celsius,6.0 kilometer,0.0 kilometer,ELM327 v2.1,13.2 volt,43.13725490196079 percent,2.7450980392156863 percent,"('Closed loop, using oxygen sensor feedback to determine fuel mix', '')",[],[],47 kilopascal,66 degree_Celsius,6.25 percent,10000000000000000000000000000001,10000000000000000000100000000000,Unknown : 0.0 count [PASSED],Unknown : 0.0 millisecond [PASSED],"Unknown : 0.0 degree [PASSED]
Unknown : 0.0 degree [PASSED]",0.83 volt,0.185 volt,"((), (False, False, False, False), (False, False, True, True))",EOBD (Europe),0001000000000000000000000000000000000000,10111110001111101011100000010011,10000000000001011010000000000001,01101010110100000000000000000000,7.8431372549019605 percent,834.5 revolutions_per_minute,1231.0 second,2.34375 percent,0.0 kilometer_per_hour,<obd.OBDResponse.Status object at 0xf6886290>,10.196078431372548 percent,18.03921568627451 percent,17.647058823529413 percent,-4.0 degree,0.0 count
142,2025-04-22 14:54:07,30.588235294117645 percent,14.901960784313726 percent,7.450980392156863 percent,96 kilopascal,bytearray(b'33920-66R0*'),13.64 volt,91 degree_Celsius,6.0 kilometer,0.0 kilometer,ELM327 v2.1,13.6 volt,43.13725490196079 percent,3.1372549019607843 percent,"('Closed loop, using oxygen sensor feedback to determine fuel mix', '')",[],[],47 kilopascal,67 degree_Celsius,6.25 percent,10000000000000000000000000000001,10000000000000000000100000000000,Unknown : 0.0 count [PASSED],Unknown : 0.0 millisecond [PASSED],"Unknown : 0.0 degree [PASSED]
Unknown : 0.0 degree [PASSED]",0.81 volt,0.185 volt,"((), (False, False, False, False), (False, False, True, True))",EOBD (Europe),0001000000000000000000000000000000000000,10111110001111101011100000010011,10000000000001011010000000000001,01101010110100000000000000000000,7.8431372549019605 percent,837.5 revolutions_per_minute,1238.0 second,2.34375 percent,0.0 kilometer_per_hour,<obd.OBDResponse.Status object at 0xf68cd5b0>,10.196078431372548 percent,18.03921568627451 percent,17.647058823529413 percent,-4.0 degree,0.0 count
143,2025-04-22 14:54:14,30.588235294117645 percent,14.901960784313726 percent,7.450980392156863 percent,96 kilopascal,bytearray(b'33920-66R0*'),13.64 volt,90 degree_Celsius,6.0 kilometer,0.0 kilometer,ELM327 v2.1,13.4 volt,43.529411764705884 percent,3.5294117647058822 percent,"('Closed loop, using oxygen sensor feedback to determine fuel mix', '')",[],[],49 kilopascal,67 degree_Celsius,6.25 percent,10000000000000000000000000000001,10000000000000000000100000000000,Unknown : 0.0 count [PASSED],Unknown : 0.0 millisecond [PASSED],"Unknown : 0.0 degree [PASSED]
Unknown : 0.0 degree [PASSED]",0.845 volt,0.265 volt,"((), (False, False, False, False), (False, False, True, True))",EOBD (Europe),0001000000000000000000000000000000000000,10111110001111101011100000010011,10000000000001011010000000000001,01101010110100000000000000000000,7.8431372549019605 percent,839.5 revolutions_per_minute,1245.0 second,-0.78125 percent,0.0 kilometer_per_hour,<obd.OBDResponse.Status object at 0xf68eabf0>,10.196078431372548 percent,18.03921568627451 percent,18.03921568627451 percent,-5.5 degree,0.0 count
144,2025-04-22 14:54:21,30.588235294117645 percent,14.901960784313726 percent,7.450980392156863 percent,96 kilopascal,bytearray(b'33920-66R0*'),13.57 volt,91 degree_Celsius,6.0 kilometer,0.0 kilometer,ELM327 v2.1,13.2 volt,43.13725490196079 percent,2.3529411764705883 percent,"('Closed loop, using oxygen sensor feedback to determine fuel mix', '')",[],[],49 kilopascal,67 degree_Celsius,5.46875 percent,10000000000000000000000000000001,10000000000000000000100000000000,Unknown : 0.0 count [PASSED],Unknown : 0.0 millisecond [PASSED],"Unknown : 0.0 degree [PASSED]
Unknown : 0.0 degree [PASSED]",0.495 volt,0.61 volt,"((), (False, False, False, False), (False, False, True, True))",EOBD (Europe),0001000000000000000000000000000000000000,10111110001111101011100000010011,10000000000001011010000000000001,01101010110100000000000000000000,7.8431372549019605 percent,840.0 revolutions_per_minute,1252.0 second,0.0 percent,0.0 kilometer_per_hour,<obd.OBDResponse.Status object at 0xf68eab90>,10.196078431372548 percent,18.03921568627451 percent,17.647058823529413 percent,-3.0 degree,0.0 count
145,2025-04-22 14:54:28,30.980392156862745 percent,14.901960784313726 percent,7.450980392156863 percent,96 kilopascal,bytearray(b'33920-66R0*'),13.64 volt,91 degree_Celsius,6.0 kilometer,0.0 kilometer,ELM327 v2.1,13.3 volt,43.529411764705884 percent,3.9215686274509802 percent,"('Closed loop, using oxygen sensor feedback to determine fuel mix', '')",[],[],48 kilopascal,68 degree_Celsius,6.25 percent,10000000000000000000000000000001,10000000000000000000100000000000,Unknown : 0.0 count [PASSED],Unknown : 0.0 millisecond [PASSED],"Unknown : 0.0 degree [PASSED]
Unknown : 0.0 degree [PASSED]",0.815 volt,0.67 volt,"((), (False, False, False, False), (False, False, True, True))",EOBD (Europe),0001000000000000000000000000000000000000,10111110001111101011100000010011,10000000000001011010000000000001,01101010110100000000000000000000,7.8431372549019605 percent,844.5 revolutions_per_minute,1259.0 second,1.5625 percent,0.0 kilometer_per_hour,<obd.OBDResponse.Status object at 0xf689ec30>,10.196078431372548 percent,18.03921568627451 percent,18.03921568627451 percent,-4.5 degree,0.0 count
146,2025-04-22 14:54:35,31.372549019607842 percent,14.901960784313726 percent,7.450980392156863 percent,96 kilopascal,bytearray(b'33920-66R0*'),13.64 volt,91 degree_Celsius,6.0 kilometer,0.0 kilometer,ELM327 v2.1,13.1 volt,43.13725490196079 percent,3.9215686274509802 percent,"('Closed loop, using oxygen sensor feedback to determine fuel mix', '')",[],[],48 kilopascal,68 degree_Celsius,6.25 percent,10000000000000000000000000000001,10000000000000000000100000000000,Unknown : 0.0 count [PASSED],Unknown : 0.0 millisecond [PASSED],"Unknown : 0.0 degree [PASSED]
Unknown : 0.0 degree [PASSED]",0.1 volt,0.665 volt,"((), (False, False, False, False), (False, False, True, True))",EOBD (Europe),0001000000000000000000000000000000000000,10111110001111101011100000010011,10000000000001011010000000000001,01101010110100000000000000000000,7.8431372549019605 percent,847.0 revolutions_per_minute,1266.0 second,-1.5625 percent,0.0 kilometer_per_hour,<obd.OBDResponse.Status object at 0xf68eabf0>,10.196078431372548 percent,18.03921568627451 percent,18.03921568627451 percent,-4.0 degree,0.0 count
147,2025-04-22 14:54:42,31.372549019607842 percent,14.901960784313726 percent,7.450980392156863 percent,96 kilopascal,bytearray(b'33920-66R0*'),13.593 volt,91 degree_Celsius,6.0 kilometer,0.0 kilometer,ELM327 v2.1,13.2 volt,43.92156862745098 percent,3.9215686274509802 percent,"('Closed loop, using oxygen sensor feedback to determine fuel mix', '')",[],[],48 kilopascal,69 degree_Celsius,6.25 percent,10000000000000000000000000000001,10000000000000000000100000000000,Unknown : 0.0 count [PASSED],Unknown : 0.0 millisecond [PASSED],"Unknown : 0.0 degree [PASSED]
Unknown : 0.0 degree [PASSED]",0.835 volt,0.69 volt,"((), (False, False, False, False), (False, False, True, True))",EOBD (Europe),0001000000000000000000000000000000000000,10111110001111101011100000010011,10000000000001011010000000000001,01101010110100000000000000000000,7.8431372549019605 percent,857.0 revolutions_per_minute,1274.0 second,-5.46875 percent,0.0 kilometer_per_hour,<obd.OBDResponse.Status object at 0xf689e710>,10.196078431372548 percent,18.03921568627451 percent,17.647058823529413 percent,-3.0 degree,0.0 count
148,2025-04-22 14:54:49,32.94117647058823 percent,14.901960784313726 percent,7.450980392156863 percent,96 kilopascal,bytearray(b'33920-66R0*'),13.64 volt,91 degree_Celsius,6.0 kilometer,0.0 kilometer,ELM327 v2.1,13.1 volt,43.92156862745098 percent,5.098039215686274 percent,"('Closed loop, using oxygen sensor feedback to determine fuel mix', '')",[],[],48 kilopascal,69 degree_Celsius,6.25 percent,10000000000000000000000000000001,10000000000000000000100000000000,Unknown : 0.0 count [PASSED],Unknown : 0.0 millisecond [PASSED],"Unknown : 0.0 degree [PASSED]
Unknown : 0.0 degree [PASSED]",0.8 volt,0.725 volt,"((), (False, False, False, False), (False, False, True, True))",EOBD (Europe),0001000000000000000000000000000000000000,10111110001111101011100000010011,10000000000001011010000000000001,01101010110100000000000000000000,8.235294117647058 percent,823.0 revolutions_per_minute,1281.0 second,-3.90625 percent,0.0 kilometer_per_hour,<obd.OBDResponse.Status object at 0xf6886290>,10.588235294117647 percent,18.03921568627451 percent,18.03921568627451 percent,-6.0 degree,0.0 count
149,2025-04-22 14:54:56,31.372549019607842 percent,14.901960784313726 percent,7.450980392156863 percent,96 kilopascal,bytearray(b'33920-66R0*'),13.476 volt,91 degree_Celsius,6.0 kilometer,0.0 kilometer,ELM327 v2.1,13.6 volt,43.13725490196079 percent,2.3529411764705883 percent,"('Closed loop, using oxygen sensor feedback to determine fuel mix', '')",[],[],50 kilopascal,69 degree_Celsius,5.46875 percent,10000000000000000000000000000001,10000000000000000000100000000000,Unknown : 0.0 count [PASSED],Unknown : 0.0 millisecond [PASSED],"Unknown : 0.0 degree [PASSED]
Unknown : 0.0 degree [PASSED]",0.045 volt,0.685 volt,"((), (False, False, False, False), (False, False, True, True))",EOBD (Europe),0001000000000000000000000000000000000000,10111110001111101011100000010011,10000000000001011010000000000001,01101010110100000000000000000000,8.235294117647058 percent,859.0 revolutions_per_minute,1288.0 second,1.5625 percent,0.0 kilometer_per_hour,<obd.OBDResponse.Status object at 0xf68862f0>,10.196078431372548 percent,18.03921568627451 percent,18.03921568627451 percent,-4.0 degree,0.0 count
150,2025-04-22 14:55:03,31.372549019607842 percent,14.901960784313726 percent,7.450980392156863 percent,96 kilopascal,bytearray(b'33920-66R0*'),13.688 volt,92 degree_Celsius,6.0 kilometer,0.0 kilometer,ELM327 v2.1,13.4 volt,43.13725490196079 percent,0.0 percent,"('Closed loop, using oxygen sensor feedback to determine fuel mix', '')",[],[],48 kilopascal,69 degree_Celsius,6.25 percent,10000000000000000000000000000001,10000000000000000000100000000000,Unknown : 0.0 count [PASSED],Unknown : 0.0 millisecond [PASSED],"Unknown : 0.0 degree [PASSED]
Unknown : 0.0 degree [PASSED]",0.82 volt,0.685 volt,"((), (False, False, False, False), (False, False, True, True))",EOBD (Europe),0001000000000000000000000000000000000000,10111110001111101011100000010011,10000000000001011010000000000001,01101010110100000000000000000000,7.8431372549019605 percent,862.5 revolutions_per_minute,1295.0 second,5.46875 percent,0.0 kilometer_per_hour,<obd.OBDResponse.Status object at 0xf6846bd0>,10.196078431372548 percent,18.03921568627451 percent,17.647058823529413 percent,-3.0 degree,0.0 count
151,2025-04-22 14:55:10,31.372549019607842 percent,14.901960784313726 percent,7.450980392156863 percent,96 kilopascal,bytearray(b'33920-66R0*'),13.711 volt,92 degree_Celsius,6.0 kilometer,0.0 kilometer,ELM327 v2.1,13.1 volt,43.92156862745098 percent,0.0 percent,"('Closed loop, using oxygen sensor feedback to determine fuel mix', '')",[],[],48 kilopascal,69 degree_Celsius,6.25 percent,10000000000000000000000000000001,10000000000000000000100000000000,Unknown : 0.0 count [PASSED],Unknown : 0.0 millisecond [PASSED],"Unknown : 0.0 degree [PASSED]
Unknown : 0.0 degree [PASSED]",0.735 volt,0.67 volt,"((), (False, False, False, False), (False, False, True, True))",EOBD (Europe),0001000000000000000000000000000000000000,10111110001111101011100000010011,10000000000001011010000000000001,01101010110100000000000000000000,7.8431372549019605 percent,842.0 revolutions_per_minute,1302.0 second,3.90625 percent,0.0 kilometer_per_hour,<obd.OBDResponse.Status object at 0xf6886290>,10.196078431372548 percent,18.03921568627451 percent,17.647058823529413 percent,-3.0 degree,0.0 count
152,2025-04-22 14:55:17,30.980392156862745 percent,14.509803921568627 percent,7.450980392156863 percent,96 kilopascal,bytearray(b'33920-66R0*'),13.664 volt,92 degree_Celsius,6.0 kilometer,0.0 kilometer,ELM327 v2.1,13.5 volt,42.745098039215684 percent,0.0 percent,"('Closed loop, using oxygen sensor feedback to determine fuel mix', '')",[],[],48 kilopascal,69 degree_Celsius,7.03125 percent,10000000000000000000000000000001,10000000000000000000100000000000,Unknown : 0.0 count [PASSED],Unknown : 0.0 millisecond [PASSED],"Unknown : 0.0 degree [PASSED]
Unknown : 0.0 degree [PASSED]",0.11 volt,0.635 volt,"((), (False, False, False, False), (False, False, True, True))",EOBD (Europe),0001000000000000000000000000000000000000,10111110001111101011100000010011,10000000000001011010000000000001,01101010110100000000000000000000,7.8431372549019605 percent,857.5 revolutions_per_minute,1309.0 second,1.5625 percent,0.0 kilometer_per_hour,<obd.OBDResponse.Status object at 0xf689e710>,10.196078431372548 percent,18.03921568627451 percent,17.647058823529413 percent,-3.0 degree,0.0 count
153,2025-04-22 14:55:24,30.588235294117645 percent,14.901960784313726 percent,7.450980392156863 percent,96 kilopascal,bytearray(b'33920-66R0*'),13.593 volt,92 degree_Celsius,6.0 kilometer,0.0 kilometer,ELM327 v2.1,13.2 volt,43.13725490196079 percent,0.0 percent,"('Closed loop, using oxygen sensor feedback to determine fuel mix', '')",[],[],48 kilopascal,69 degree_Celsius,7.03125 percent,10000000000000000000000000000001,10000000000000000000100000000000,Unknown : 0.0 count [PASSED],Unknown : 0.0 millisecond [PASSED],"Unknown : 0.0 degree [PASSED]
Unknown : 0.0 degree [PASSED]",0.835 volt,0.64 volt,"((), (False, False, False, False), (False, False, True, True))",EOBD (Europe),0001000000000000000000000000000000000000,10111110001111101011100000010011,10000000000001011010000000000001,01101010110100000000000000000000,7.8431372549019605 percent,837.5 revolutions_per_minute,1316.0 second,2.34375 percent,0.0 kilometer_per_hour,<obd.OBDResponse.Status object at 0xf68862f0>,10.196078431372548 percent,18.03921568627451 percent,17.647058823529413 percent,-4.0 degree,0.0 count
154,2025-04-22 14:55:31,30.980392156862745 percent,14.901960784313726 percent,7.450980392156863 percent,96 kilopascal,bytearray(b'33920-66R0*'),13.57 volt,91 degree_Celsius,6.0 kilometer,0.0 kilometer,ELM327 v2.1,13.1 volt,42.35294117647059 percent,0.0 percent,"('Closed loop, using oxygen sensor feedback to determine fuel mix', '')",[],[],47 kilopascal,70 degree_Celsius,7.8125 percent,10000000000000000000000000000001,10000000000000000000100000000000,Unknown : 0.0 count [PASSED],Unknown : 0.0 millisecond [PASSED],"Unknown : 0.0 degree [PASSED]
Unknown : 0.0 degree [PASSED]",0.12 volt,0.6 volt,"((), (False, False, False, False), (False, False, True, True))",EOBD (Europe),0001000000000000000000000000000000000000,10111110001111101011100000010011,10000000000001011010000000000001,01101010110100000000000000000000,7.8431372549019605 percent,855.5 revolutions_per_minute,1323.0 second,0.78125 percent,0.0 kilometer_per_hour,<obd.OBDResponse.Status object at 0xf689e710>,10.196078431372548 percent,18.03921568627451 percent,17.647058823529413 percent,-3.0 degree,0.0 count
155,2025-04-22 14:55:38,30.588235294117645 percent,14.901960784313726 percent,7.450980392156863 percent,96 kilopascal,bytearray(b'33920-66R0*'),13.57 volt,92 degree_Celsius,6.0 kilometer,0.0 kilometer,ELM327 v2.1,13.3 volt,42.745098039215684 percent,0.0 percent,"('Closed loop, using oxygen sensor feedback to determine fuel mix', '')",[],[],48 kilopascal,70 degree_Celsius,7.8125 percent,10000000000000000000000000000001,10000000000000000000100000000000,Unknown : 0.0 count [PASSED],Unknown : 0.0 millisecond [PASSED],"Unknown : 0.0 degree [PASSED]
Unknown : 0.0 degree [PASSED]",0.59 volt,0.6 volt,"((), (False, False, False, False), (False, False, True, True))",EOBD (Europe),0001000000000000000000000000000000000000,10111110001111101011100000010011,10000000000001011010000000000001,01101010110100000000000000000000,7.8431372549019605 percent,839.5 revolutions_per_minute,1330.0 second,-1.5625 percent,0.0 kilometer_per_hour,<obd.OBDResponse.Status object at 0xf68eab50>,10.196078431372548 percent,18.03921568627451 percent,17.647058823529413 percent,-4.0 degree,0.0 count
156,2025-04-22 14:55:45,30.588235294117645 percent,14.901960784313726 percent,7.450980392156863 percent,96 kilopascal,bytearray(b'33920-66R0*'),13.57 volt,91 degree_Celsius,6.0 kilometer,0.0 kilometer,ELM327 v2.1,13.0 volt,42.745098039215684 percent,0.0 percent,"('Closed loop, using oxygen sensor feedback to determine fuel mix', '')",[],[],47 kilopascal,70 degree_Celsius,7.8125 percent,10000000000000000000000000000001,10000000000000000000100000000000,Unknown : 0.0 count [PASSED],Unknown : 0.0 millisecond [PASSED],"Unknown : 0.0 degree [PASSED]
Unknown : 0.0 degree [PASSED]",0.795 volt,0.585 volt,"((), (False, False, False, False), (False, False, True, True))",EOBD (Europe),0001000000000000000000000000000000000000,10111110001111101011100000010011,10000000000001011010000000000001,01101010110100000000000000000000,7.8431372549019605 percent,859.0 revolutions_per_minute,1337.0 second,3.90625 percent,0.0 kilometer_per_hour,<obd.OBDResponse.Status object at 0xf689e350>,10.196078431372548 percent,18.03921568627451 percent,17.647058823529413 percent,-3.0 degree,0.0 count
157,2025-04-22 14:55:52,30.980392156862745 percent,14.901960784313726 percent,7.450980392156863 percent,96 kilopascal,bytearray(b'33920-66R0*'),13.805 volt,91 degree_Celsius,6.0 kilometer,0.0 kilometer,ELM327 v2.1,13.1 volt,29.019607843137255 percent,0.0 percent,"('Open loop due to engine load OR fuel cut due to deceleration', '')",[],[],39 kilopascal,71 degree_Celsius,7.03125 percent,10000000000000000000000000000001,10000000000000000000100000000000,Unknown : 0.0 count [PASSED],Unknown : 0.0 millisecond [PASSED],"Unknown : 0.0 degree [PASSED]
Unknown : 0.0 degree [PASSED]",0.735 volt,0.66 volt,"((), (False, False, False, False), (False, False, True, True))",EOBD (Europe),0001000000000000000000000000000000000000,10111110001111101011100000010011,10000000000001011010000000000001,01101010110100000000000000000000,8.627450980392156 percent,1584.5 revolutions_per_minute,1344.0 second,0.78125 percent,0.0 kilometer_per_hour,<obd.OBDResponse.Status object at 0xf68eacd0>,12.549019607843137 percent,20.0 percent,19.607843137254903 percent,21.5 degree,0.0 count
158,2025-04-22 14:55:59,32.549019607843135 percent,24.705882352941178 percent,12.156862745098039 percent,96 kilopascal,bytearray(b'33920-66R0*'),13.688 volt,90 degree_Celsius,6.0 kilometer,0.0 kilometer,ELM327 v2.1,13.1 volt,30.58823529411765 percent,0.0 percent,"('Closed loop, using oxygen sensor feedback to determine fuel mix', '')",[],[],46 kilopascal,71 degree_Celsius,6.25 percent,10000000000000000000000000000001,10000000000000000000100000000000,Unknown : 0.0 count [PASSED],Unknown : 0.0 millisecond [PASSED],"Unknown : 0.0 degree [PASSED]
Unknown : 0.0 degree [PASSED]",0.555 volt,0.66 volt,"((), (False, False, False, False), (False, False, True, True))",EOBD (Europe),0001000000000000000000000000000000000000,10111110001111101011100000010011,10000000000001011010000000000001,01101010110100000000000000000000,9.019607843137255 percent,1502.5 revolutions_per_minute,1351.0 second,3.90625 percent,0.0 kilometer_per_hour,<obd.OBDResponse.Status object at 0xf6846ef0>,11.764705882352942 percent,19.215686274509803 percent,19.215686274509803 percent,26.0 degree,0.0 count
159,2025-04-22 14:56:06,25.49019607843137 percent,21.568627450980394 percent,10.588235294117647 percent,96 kilopascal,bytearray(b'33920-66R0*'),13.711 volt,90 degree_Celsius,6.0 kilometer,0.0 kilometer,ELM327 v2.1,13.1 volt,34.509803921568626 percent,7.0588235294117645 percent,"('Closed loop, using oxygen sensor feedback to determine fuel mix', '')",[],[],42 kilopascal,71 degree_Celsius,5.46875 percent,10000000000000000000000000000001,10000000000000000000100000000000,Unknown : 0.0 count [PASSED],Unknown : 0.0 millisecond [PASSED],"Unknown : 0.0 degree [PASSED]
Unknown : 0.0 degree [PASSED]",0.415 volt,0.645 volt,"((), (False, False, False, False), (False, False, True, True))",EOBD (Europe),0001000000000000000000000000000000000000,10111110001111101011100000010011,10000000000001011010000000000001,01101010110100000000000000000000,9.019607843137255 percent,1522.0 revolutions_per_minute,1358.0 second,-7.8125 percent,0.0 kilometer_per_hour,<obd.OBDResponse.Status object at 0xf68ea130>,11.764705882352942 percent,19.215686274509803 percent,19.215686274509803 percent,26.0 degree,0.0 count
160,2025-04-22 14:56:13,25.88235294117647 percent,21.568627450980394 percent,10.980392156862745 percent,96 kilopascal,bytearray(b'33920-66R0*'),13.57 volt,90 degree_Celsius,6.0 kilometer,0.0 kilometer,ELM327 v2.1,13.1 volt,34.11764705882353 percent,8.627450980392156 percent,"('Closed loop, using oxygen sensor feedback to determine fuel mix', '')",[],[],42 kilopascal,72 degree_Celsius,5.46875 percent,10000000000000000000000000000001,10000000000000000000100000000000,Unknown : 0.0 count [PASSED],Unknown : 0.0 millisecond [PASSED],"Unknown : 0.0 degree [PASSED]
Unknown : 0.0 degree [PASSED]",0.56 volt,0.64 volt,"((), (False, False, False, False), (False, False, True, True))",EOBD (Europe),0001000000000000000000000000000000000000,10111110001111101011100000010011,10000000000001011010000000000001,01101010110100000000000000000000,9.411764705882353 percent,1537.0 revolutions_per_minute,1365.0 second,-3.125 percent,0.0 kilometer_per_hour,<obd.OBDResponse.Status object at 0xf689e710>,11.764705882352942 percent,19.215686274509803 percent,19.215686274509803 percent,27.0 degree,0.0 count
161,2025-04-22 14:56:20,25.49019607843137 percent,21.568627450980394 percent,10.980392156862745 percent,96 kilopascal,bytearray(b'33920-66R0*'),13.664 volt,90 degree_Celsius,6.0 kilometer,0.0 kilometer,ELM327 v2.1,13.2 volt,34.90196078431372 percent,9.803921568627452 percent,"('Closed loop, using oxygen sensor feedback to determine fuel mix', '')",[],[],43 kilopascal,72 degree_Celsius,4.6875 percent,10000000000000000000000000000001,10000000000000000000100000000000,Unknown : 0.0 count [PASSED],Unknown : 0.0 millisecond [PASSED],"Unknown : 0.0 degree [PASSED]
Unknown : 0.0 degree [PASSED]",0.85 volt,0.665 volt,"((), (False, False, False, False), (False, False, True, True))",EOBD (Europe),0001000000000000000000000000000000000000,10111110001111101011100000010011,10000000000001011010000000000001,01101010110100000000000000000000,9.803921568627452 percent,1683.5 revolutions_per_minute,1372.0 second,-3.90625 percent,0.0 kilometer_per_hour,<obd.OBDResponse.Status object at 0xf68eabf0>,12.156862745098039 percent,19.607843137254903 percent,19.607843137254903 percent,24.0 degree,0.0 count
162,2025-04-22 14:56:27,20.0 percent,14.901960784313726 percent,10.588235294117647 percent,96 kilopascal,bytearray(b'33920-66R0*'),13.735 volt,91 degree_Celsius,6.0 kilometer,0.0 kilometer,ELM327 v2.1,13.4 volt,38.03921568627451 percent,0.0 percent,"('Closed loop, using oxygen sensor feedback to determine fuel mix', '')",[],[],39 kilopascal,72 degree_Celsius,4.6875 percent,10000000000000000000000000000001,10000000000000000000100000000000,Unknown : 0.0 count [PASSED],Unknown : 0.0 millisecond [PASSED],"Unknown : 0.0 degree [PASSED]
Unknown : 0.0 degree [PASSED]",0.08 volt,0.695 volt,"((), (False, False, False, False), (False, False, True, True))",EOBD (Europe),0001000000000000000000000000000000000000,10111110001111101011100000010011,10000000000001011010000000000001,01101010110100000000000000000000,10.196078431372548 percent,2030.0 revolutions_per_minute,1379.0 second,3.90625 percent,0.0 kilometer_per_hour,<obd.OBDResponse.Status object at 0xf68eab50>,13.333333333333334 percent,20.392156862745097 percent,20.392156862745097 percent,24.5 degree,0.0 count
163,2025-04-22 14:56:34,25.098039215686274 percent,22.352941176470587 percent,11.372549019607844 percent,96 kilopascal,bytearray(b'33920-66R0*'),13.688 volt,91 degree_Celsius,6.0 kilometer,0.0 kilometer,ELM327 v2.1,13.5 volt,32.94117647058823 percent,0.0 percent,"('Closed loop, using oxygen sensor feedback to determine fuel mix', '')",[],[],41 kilopascal,72 degree_Celsius,3.90625 percent,10000000000000000000000000000001,10000000000000000000100000000000,Unknown : 0.0 count [PASSED],Unknown : 0.0 millisecond [PASSED],"Unknown : 0.0 degree [PASSED]
Unknown : 0.0 degree [PASSED]",0.085 volt,0.725 volt,"((), (False, False, False, False), (False, False, True, True))",EOBD (Europe),0001000000000000000000000000000000000000,10111110001111101011100000010011,10000000000001011010000000000001,01101010110100000000000000000000,10.588235294117647 percent,2107.5 revolutions_per_minute,1386.0 second,3.125 percent,0.0 kilometer_per_hour,<obd.OBDResponse.Status object at 0xf68862f0>,13.72549019607843 percent,20.784313725490197 percent,20.392156862745097 percent,24.5 degree,0.0 count
164,2025-04-22 14:56:41,25.098039215686274 percent,22.352941176470587 percent,11.372549019607844 percent,96 kilopascal,bytearray(b'33920-66R0*'),13.664 volt,92 degree_Celsius,6.0 kilometer,0.0 kilometer,ELM327 v2.1,13.2 volt,32.94117647058823 percent,0.0 percent,"('Closed loop, using oxygen sensor feedback to determine fuel mix', '')",[],[],40 kilopascal,73 degree_Celsius,4.6875 percent,10000000000000000000000000000001,10000000000000000000100000000000,Unknown : 0.0 count [PASSED],Unknown : 0.0 millisecond [PASSED],"Unknown : 0.0 degree [PASSED]
Unknown : 0.0 degree [PASSED]",0.08 volt,0.735 volt,"((), (False, False, False, False), (False, False, True, True))",EOBD (Europe),0001000000000000000000000000000000000000,10111110001111101011100000010011,10000000000001011010000000000001,01101010110100000000000000000000,10.588235294117647 percent,2164.5 revolutions_per_minute,1393.0 second,1.5625 percent,0.0 kilometer_per_hour,<obd.OBDResponse.Status object at 0xf68ea130>,13.72549019607843 percent,20.784313725490197 percent,20.784313725490197 percent,24.5 degree,0.0 count
165,2025-04-22 14:56:48,24.705882352941178 percent,21.96078431372549 percent,10.980392156862745 percent,96 kilopascal,bytearray(b'33920-66R0*'),13.688 volt,92 degree_Celsius,6.0 kilometer,0.0 kilometer,ELM327 v2.1,13.3 volt,32.15686274509804 percent,0.0 percent,"('Closed loop, using oxygen sensor feedback to determine fuel mix', '')",[],[],42 kilopascal,73 degree_Celsius,6.25 percent,10000000000000000000000000000001,10000000000000000000100000000000,Unknown : 0.0 count [PASSED],Unknown : 0.0 millisecond [PASSED],"Unknown : 0.0 degree [PASSED]
Unknown : 0.0 degree [PASSED]",0.545 volt,0.725 volt,"((), (False, False, False, False), (False, False, True, True))",EOBD (Europe),0001000000000000000000000000000000000000,10111110001111101011100000010011,10000000000001011010000000000001,01101010110100000000000000000000,10.196078431372548 percent,1953.0 revolutions_per_minute,1400.0 second,3.90625 percent,0.0 kilometer_per_hour,<obd.OBDResponse.Status object at 0xf689e350>,13.333333333333334 percent,20.392156862745097 percent,20.0 percent,24.0 degree,0.0 count
166,2025-04-22 14:56:55,25.098039215686274 percent,14.901960784313726 percent,7.450980392156863 percent,96 kilopascal,bytearray(b'33920-66R0*'),13.64 volt,93 degree_Celsius,6.0 kilometer,0.0 kilometer,ELM327 v2.1,13.5 volt,39.21568627450981 percent,0.0 percent,"('Open loop due to engine load OR fuel cut due to deceleration', '')",[],[],45 kilopascal,74 degree_Celsius,9.375 percent,10000000000000000000000000000001,10000000000000000000100000000000,Unknown : 0.0 count [PASSED],Unknown : 0.0 millisecond [PASSED],"Unknown : 0.0 degree [PASSED]
Unknown : 0.0 degree [PASSED]",0.745 volt,0.72 volt,"((), (False, False, False, False), (False, False, True, True))",EOBD (Europe),0001000000000000000000000000000000000000,10111110001111101011100000010011,10000000000001011010000000000001,01101010110100000000000000000000,8.235294117647058 percent,887.0 revolutions_per_minute,1407.0 second,0.78125 percent,0.0 kilometer_per_hour,<obd.OBDResponse.Status object at 0xf68eacd0>,10.588235294117647 percent,18.431372549019606 percent,18.03921568627451 percent,-5.5 degree,0.0 count
167,2025-04-22 14:57:02,32.549019607843135 percent,14.901960784313726 percent,7.450980392156863 percent,96 kilopascal,bytearray(b'33920-66R0*'),13.593 volt,93 degree_Celsius,6.0 kilometer,0.0 kilometer,ELM327 v2.1,13.4 volt,45.490196078431374 percent,0.0 percent,"('Closed loop, using oxygen sensor feedback to determine fuel mix', '')",[],[],50 kilopascal,75 degree_Celsius,9.375 percent,10000000000000000000000000000001,10000000000000000000100000000000,Unknown : 0.0 count [PASSED],Unknown : 0.0 millisecond [PASSED],"Unknown : 0.0 degree [PASSED]
Unknown : 0.0 degree [PASSED]",0.105 volt,0.745 volt,"((), (False, False, False, False), (False, False, True, True))",EOBD (Europe),0001000000000000000000000000000000000000,10111110001111101011100000010011,10000000000001011010000000000001,01101010110100000000000000000000,8.235294117647058 percent,866.0 revolutions_per_minute,1414.0 second,-0.78125 percent,0.0 kilometer_per_hour,<obd.OBDResponse.Status object at 0xf68cd530>,10.588235294117647 percent,18.431372549019606 percent,18.03921568627451 percent,-5.5 degree,0.0 count
168,2025-04-22 14:57:09,31.764705882352942 percent,14.901960784313726 percent,7.450980392156863 percent,96 kilopascal,bytearray(b'33920-66R0*'),13.593 volt,94 degree_Celsius,6.0 kilometer,0.0 kilometer,ELM327 v2.1,13.1 volt,44.31372549019608 percent,3.9215686274509802 percent,"('Closed loop, using oxygen sensor feedback to determine fuel mix', '')",[],[],49 kilopascal,75 degree_Celsius,9.375 percent,10000000000000000000000000000001,10000000000000000000100000000000,Unknown : 0.0 count [PASSED],Unknown : 0.0 millisecond [PASSED],"Unknown : 0.0 degree [PASSED]
Unknown : 0.0 degree [PASSED]",0.415 volt,0.75 volt,"((), (False, False, False, False), (False, False, True, True))",EOBD (Europe),0001000000000000000000000000000000000000,10111110001111101011100000010011,10000000000001011010000000000001,01101010110100000000000000000000,7.8431372549019605 percent,879.5 revolutions_per_minute,1421.0 second,0.78125 percent,0.0 kilometer_per_hour,<obd.OBDResponse.Status object at 0xf68eabf0>,10.196078431372548 percent,18.03921568627451 percent,18.03921568627451 percent,-4.0 degree,0.0 count
169,2025-04-22 14:57:16,31.372549019607842 percent,14.901960784313726 percent,7.450980392156863 percent,96 kilopascal,bytearray(b'33920-66R0*'),13.546000000000001 volt,94 degree_Celsius,6.0 kilometer,0.0 kilometer,ELM327 v2.1,13.2 volt,43.529411764705884 percent,7.0588235294117645 percent,"('Closed loop, using oxygen sensor feedback to determine fuel mix', '')",[],[],48 kilopascal,75 degree_Celsius,9.375 percent,10000000000000000000000000000001,10000000000000000000100000000000,Unknown : 0.0 count [PASSED],Unknown : 0.0 millisecond [PASSED],"Unknown : 0.0 degree [PASSED]
Unknown : 0.0 degree [PASSED]",0.11 volt,0.755 volt,"((), (False, False, False, False), (False, False, True, True))",EOBD (Europe),0001000000000000000000000000000000000000,10111110001111101011100000010011,10000000000001011010000000000001,01101010110100000000000000000000,7.8431372549019605 percent,842.0 revolutions_per_minute,1428.0 second,-3.90625 percent,0.0 kilometer_per_hour,<obd.OBDResponse.Status object at 0xf68862f0>,10.196078431372548 percent,18.03921568627451 percent,18.03921568627451 percent,N/A,0.0 count
170,2025-04-22 14:57:24,30.980392156862745 percent,14.901960784313726 percent,7.450980392156863 percent,96 kilopascal,bytearray(b'33920-66R0*'),13.499 volt,93 degree_Celsius,6.0 kilometer,0.0 kilometer,ELM327 v2.1,13.1 volt,43.13725490196079 percent,7.0588235294117645 percent,"('Closed loop, using oxygen sensor feedback to determine fuel mix', '')",[],[],48 kilopascal,75 degree_Celsius,9.375 percent,10000000000000000000000000000001,10000000000000000000100000000000,Unknown : 0.0 count [PASSED],Unknown : 0.0 millisecond [PASSED],"Unknown : 0.0 degree [PASSED]
Unknown : 0.0 degree [PASSED]",0.095 volt,0.75 volt,"((), (False, False, False, False), (False, False, True, True))",EOBD (Europe),0001000000000000000000000000000000000000,10111110001111101011100000010011,10000000000001011010000000000001,01101010110100000000000000000000,7.8431372549019605 percent,849.5 revolutions_per_minute,1435.0 second,-3.125 percent,0.0 kilometer_per_hour,<obd.OBDResponse.Status object at 0xf68eab90>,10.196078431372548 percent,18.03921568627451 percent,17.647058823529413 percent,-4.0 degree,0.0 count
171,2025-04-22 14:57:31,31.372549019607842 percent,14.901960784313726 percent,7.450980392156863 percent,96 kilopascal,bytearray(b'33920-66R0*'),13.546000000000001 volt,93 degree_Celsius,6.0 kilometer,0.0 kilometer,ELM327 v2.1,13.3 volt,44.31372549019608 percent,5.098039215686274 percent,"('Closed loop, using oxygen sensor feedback to determine fuel mix', '')",[],[],48 kilopascal,75 degree_Celsius,9.375 percent,10000000000000000000000000000001,10000000000000000000100000000000,Unknown : 0.0 count [PASSED],Unknown : 0.0 millisecond [PASSED],"Unknown : 0.0 degree [PASSED]
Unknown : 0.0 degree [PASSED]",0.875 volt,0.75 volt,"((), (False, False, False, False), (False, False, True, True))",EOBD (Europe),0001000000000000000000000000000000000000,10111110001111101011100000010011,10000000000001011010000000000001,01101010110100000000000000000000,7.8431372549019605 percent,844.5 revolutions_per_minute,1442.0 second,-2.34375 percent,0.0 kilometer_per_hour,<obd.OBDResponse.Status object at 0xf689ec30>,10.196078431372548 percent,18.03921568627451 percent,18.03921568627451 percent,-2.5 degree,0.0 count
172,2025-04-22 14:57:38,30.588235294117645 percent,14.901960784313726 percent,7.450980392156863 percent,96 kilopascal,bytearray(b'33920-66R0*'),13.57 volt,93 degree_Celsius,6.0 kilometer,0.0 kilometer,ELM327 v2.1,13.1 volt,43.13725490196079 percent,3.1372549019607843 percent,"('Closed loop, using oxygen sensor feedback to determine fuel mix', '')",[],[],49 kilopascal,75 degree_Celsius,9.375 percent,10000000000000000000000000000001,10000000000000000000100000000000,Unknown : 0.0 count [PASSED],Unknown : 0.0 millisecond [PASSED],"Unknown : 0.0 degree [PASSED]
Unknown : 0.0 degree [PASSED]",0.13 volt,0.745 volt,"((), (False, False, False, False), (False, False, True, True))",EOBD (Europe),0001000000000000000000000000000000000000,10111110001111101011100000010011,10000000000001011010000000000001,01101010110100000000000000000000,7.8431372549019605 percent,865.0 revolutions_per_minute,1449.0 second,-0.78125 percent,0.0 kilometer_per_hour,<obd.OBDResponse.Status object at 0xf68ead90>,10.196078431372548 percent,18.03921568627451 percent,18.03921568627451 percent,-1.0 degree,0.0 count
173,2025-04-22 14:57:45,31.764705882352942 percent,14.901960784313726 percent,7.450980392156863 percent,96 kilopascal,bytearray(b'33920-66R0*'),13.593 volt,93 degree_Celsius,6.0 kilometer,0.0 kilometer,ELM327 v2.1,13.2 volt,43.529411764705884 percent,7.450980392156863 percent,"('Closed loop, using oxygen sensor feedback to determine fuel mix', '')",[],[],48 kilopascal,75 degree_Celsius,9.375 percent,10000000000000000000000000000001,10000000000000000000100000000000,Unknown : 0.0 count [PASSED],Unknown : 0.0 millisecond [PASSED],"Unknown : 0.0 degree [PASSED]
Unknown : 0.0 degree [PASSED]",0.575 volt,0.745 volt,"((), (False, False, False, False), (False, False, True, True))",EOBD (Europe),0001000000000000000000000000000000000000,10111110001111101011100000010011,10000000000001011010000000000001,01101010110100000000000000000000,7.8431372549019605 percent,867.5 revolutions_per_minute,1456.0 second,0.78125 percent,0.0 kilometer_per_hour,<obd.OBDResponse.Status object at 0xf6886610>,10.196078431372548 percent,18.03921568627451 percent,18.03921568627451 percent,-2.5 degree,0.0 count
174,2025-04-22 14:57:52,30.980392156862745 percent,14.509803921568627 percent,7.450980392156863 percent,96 kilopascal,bytearray(b'33920-66R0*'),13.593 volt,93 degree_Celsius,6.0 kilometer,0.0 kilometer,ELM327 v2.1,13.5 volt,43.92156862745098 percent,7.0588235294117645 percent,"('Closed loop, using oxygen sensor feedback to determine fuel mix', '')",[],[],48 kilopascal,76 degree_Celsius,9.375 percent,10000000000000000000000000000001,10000000000000000000100000000000,Unknown : 0.0 count [PASSED],Unknown : 0.0 millisecond [PASSED],"Unknown : 0.0 degree [PASSED]
Unknown : 0.0 degree [PASSED]",0.805 volt,0.745 volt,"((), (False, False, False, False), (False, False, True, True))",EOBD (Europe),0001000000000000000000000000000000000000,10111110001111101011100000010011,10000000000001011010000000000001,01101010110100000000000000000000,7.8431372549019605 percent,859.5 revolutions_per_minute,1463.0 second,2.34375 percent,0.0 kilometer_per_hour,<obd.OBDResponse.Status object at 0xf68eabf0>,10.196078431372548 percent,18.03921568627451 percent,18.03921568627451 percent,-2.5 degree,0.0 count
175,2025-04-22 14:57:59,30.980392156862745 percent,14.901960784313726 percent,7.450980392156863 percent,96 kilopascal,bytearray(b'33920-66R0*'),13.523 volt,92 degree_Celsius,6.0 kilometer,0.0 kilometer,ELM327 v2.1,13.4 volt,44.705882352941174 percent,7.450980392156863 percent,"('Closed loop, using oxygen sensor feedback to determine fuel mix', '')",[],[],49 kilopascal,76 degree_Celsius,9.375 percent,10000000000000000000000000000001,10000000000000000000100000000000,Unknown : 0.0 count [PASSED],Unknown : 0.0 millisecond [PASSED],"Unknown : 0.0 degree [PASSED]
Unknown : 0.0 degree [PASSED]",0.81 volt,0.74 volt,"((), (False, False, False, False), (False, False, True, True))",EOBD (Europe),0001000000000000000000000000000000000000,10111110001111101011100000010011,10000000000001011010000000000001,01101010110100000000000000000000,7.8431372549019605 percent,863.0 revolutions_per_minute,1470.0 second,2.34375 percent,0.0 kilometer_per_hour,<obd.OBDResponse.Status object at 0xf68eab90>,10.196078431372548 percent,18.03921568627451 percent,18.03921568627451 percent,-3.0 degree,0.0 count
176,2025-04-22 14:58:06,31.372549019607842 percent,14.901960784313726 percent,7.450980392156863 percent,96 kilopascal,bytearray(b'33920-66R0*'),13.523 volt,92 degree_Celsius,6.0 kilometer,0.0 kilometer,ELM327 v2.1,13.2 volt,44.705882352941174 percent,7.450980392156863 percent,"('Closed loop, using oxygen sensor feedback to determine fuel mix', '')",[],[],49 kilopascal,76 degree_Celsius,9.375 percent,10000000000000000000000000000001,10000000000000000000100000000000,Unknown : 0.0 count [PASSED],Unknown : 0.0 millisecond [PASSED],"Unknown : 0.0 degree [PASSED]
Unknown : 0.0 degree [PASSED]",0.735 volt,0.74 volt,"((), (False, False, False, False), (False, False, True, True))",EOBD (Europe),0001000000000000000000000000000000000000,10111110001111101011100000010011,10000000000001011010000000000001,01101010110100000000000000000000,7.8431372549019605 percent,850.5 revolutions_per_minute,1477.0 second,-1.5625 percent,0.0 kilometer_per_hour,<obd.OBDResponse.Status object at 0xf68ead90>,10.196078431372548 percent,18.03921568627451 percent,18.03921568627451 percent,-3.0 degree,0.0 count
177,2025-04-22 14:58:13,31.764705882352942 percent,14.901960784313726 percent,7.450980392156863 percent,96 kilopascal,bytearray(b'33920-66R0*'),13.64 volt,92 degree_Celsius,6.0 kilometer,0.0 kilometer,ELM327 v2.1,13.1 volt,45.09803921568628 percent,7.450980392156863 percent,"('Closed loop, using oxygen sensor feedback to determine fuel mix', '')",[],[],49 kilopascal,76 degree_Celsius,9.375 percent,10000000000000000000000000000001,10000000000000000000100000000000,Unknown : 0.0 count [PASSED],Unknown : 0.0 millisecond [PASSED],"Unknown : 0.0 degree [PASSED]
Unknown : 0.0 degree [PASSED]",0.105 volt,0.74 volt,"((), (False, False, False, False), (False, False, True, True))",EOBD (Europe),0001000000000000000000000000000000000000,10111110001111101011100000010011,10000000000001011010000000000001,01101010110100000000000000000000,8.235294117647058 percent,858.0 revolutions_per_minute,1484.0 second,-2.34375 percent,0.0 kilometer_per_hour,<obd.OBDResponse.Status object at 0xf68eab90>,10.196078431372548 percent,18.03921568627451 percent,18.03921568627451 percent,-4.0 degree,0.0 count
178,2025-04-22 14:58:20,31.764705882352942 percent,14.901960784313726 percent,7.450980392156863 percent,96 kilopascal,bytearray(b'33920-66R0*'),13.688 volt,92 degree_Celsius,6.0 kilometer,0.0 kilometer,ELM327 v2.1,13.1 volt,44.31372549019608 percent,7.450980392156863 percent,"('Closed loop, using oxygen sensor feedback to determine fuel mix', '')",[],[],49 kilopascal,77 degree_Celsius,9.375 percent,10000000000000000000000000000001,10000000000000000000100000000000,Unknown : 0.0 count [PASSED],Unknown : 0.0 millisecond [PASSED],"Unknown : 0.0 degree [PASSED]
Unknown : 0.0 degree [PASSED]",0.1 volt,0.74 volt,"((), (False, False, False, False), (False, False, True, True))",EOBD (Europe),0001000000000000000000000000000000000000,10111110001111101011100000010011,10000000000001011010000000000001,01101010110100000000000000000000,7.8431372549019605 percent,849.0 revolutions_per_minute,1491.0 second,-1.5625 percent,0.0 kilometer_per_hour,<obd.OBDResponse.Status object at 0xf689e350>,10.196078431372548 percent,18.03921568627451 percent,18.03921568627451 percent,-4.0 degree,0.0 count
179,2025-04-22 14:58:27,31.764705882352942 percent,14.901960784313726 percent,7.450980392156863 percent,96 kilopascal,bytearray(b'33920-66R0*'),13.664 volt,92 degree_Celsius,6.0 kilometer,0.0 kilometer,ELM327 v2.1,13.0 volt,44.31372549019608 percent,7.450980392156863 percent,"('Closed loop, using oxygen sensor feedback to determine fuel mix', '')",[],[],48 kilopascal,77 degree_Celsius,9.375 percent,10000000000000000000000000000001,10000000000000000000100000000000,Unknown : 0.0 count [PASSED],Unknown : 0.0 millisecond [PASSED],"Unknown : 0.0 degree [PASSED]
Unknown : 0.0 degree [PASSED]",0.175 volt,0.735 volt,"((), (False, False, False, False), (False, False, True, True))",EOBD (Europe),0001000000000000000000000000000000000000,10111110001111101011100000010011,10000000000001011010000000000001,01101010110100000000000000000000,8.235294117647058 percent,860.5 revolutions_per_minute,1498.0 second,-0.78125 percent,0.0 kilometer_per_hour,<obd.OBDResponse.Status object at 0xf68eabf0>,10.196078431372548 percent,18.03921568627451 percent,18.03921568627451 percent,-4.0 degree,0.0 count
180,2025-04-22 14:58:33,31.764705882352942 percent,14.901960784313726 percent,7.450980392156863 percent,96 kilopascal,bytearray(b'33920-66R0*'),13.57 volt,92 degree_Celsius,6.0 kilometer,0.0 kilometer,ELM327 v2.1,13.0 volt,43.92156862745098 percent,7.450980392156863 percent,"('Closed loop, using oxygen sensor feedback to determine fuel mix', '')",[],[],49 kilopascal,77 degree_Celsius,9.375 percent,10000000000000000000000000000001,10000000000000000000100000000000,Unknown : 0.0 count [PASSED],Unknown : 0.0 millisecond [PASSED],"Unknown : 0.0 degree [PASSED]
Unknown : 0.0 degree [PASSED]",0.11 volt,0.735 volt,"((), (False, False, False, False), (False, False, True, True))",EOBD (Europe),0001000000000000000000000000000000000000,10111110001111101011100000010011,10000000000001011010000000000001,01101010110100000000000000000000,8.235294117647058 percent,860.5 revolutions_per_minute,1505.0 second,-0.78125 percent,0.0 kilometer_per_hour,<obd.OBDResponse.Status object at 0xf689e350>,10.196078431372548 percent,18.03921568627451 percent,18.03921568627451 percent,-4.0 degree,0.0 count
181,2025-04-22 14:58:40,31.764705882352942 percent,14.901960784313726 percent,7.450980392156863 percent,96 kilopascal,bytearray(b'33920-66R0*'),13.593 volt,92 degree_Celsius,6.0 kilometer,0.0 kilometer,ELM327 v2.1,13.1 volt,44.31372549019608 percent,7.450980392156863 percent,"('Closed loop, using oxygen sensor feedback to determine fuel mix', '')",[],[],49 kilopascal,77 degree_Celsius,9.375 percent,10000000000000000000000000000001,10000000000000000000100000000000,Unknown : 0.0 count [PASSED],Unknown : 0.0 millisecond [PASSED],"Unknown : 0.0 degree [PASSED]
Unknown : 0.0 degree [PASSED]",0.355 volt,0.73 volt,"((), (False, False, False, False), (False, False, True, True))",EOBD (Europe),0001000000000000000000000000000000000000,10111110001111101011100000010011,10000000000001011010000000000001,01101010110100000000000000000000,8.235294117647058 percent,866.0 revolutions_per_minute,1512.0 second,0.0 percent,0.0 kilometer_per_hour,<obd.OBDResponse.Status object at 0xf68eacd0>,10.196078431372548 percent,18.03921568627451 percent,18.03921568627451 percent,-3.0 degree,0.0 count
182,2025-04-22 14:58:47,31.372549019607842 percent,14.901960784313726 percent,7.450980392156863 percent,96 kilopascal,bytearray(b'33920-66R0*'),13.57 volt,92 degree_Celsius,6.0 kilometer,0.0 kilometer,ELM327 v2.1,13.2 volt,44.705882352941174 percent,7.450980392156863 percent,"('Closed loop, using oxygen sensor feedback to determine fuel mix', '')",[],[],49 kilopascal,77 degree_Celsius,9.375 percent,10000000000000000000000000000001,10000000000000000000100000000000,Unknown : 0.0 count [PASSED],Unknown : 0.0 millisecond [PASSED],"Unknown : 0.0 degree [PASSED]
Unknown : 0.0 degree [PASSED]",0.11 volt,0.73 volt,"((), (False, False, False, False), (False, False, True, True))",EOBD (Europe),0001000000000000000000000000000000000000,10111110001111101011100000010011,10000000000001011010000000000001,01101010110100000000000000000000,8.235294117647058 percent,848.0 revolutions_per_minute,1519.0 second,-1.5625 percent,0.0 kilometer_per_hour,<obd.OBDResponse.Status object at 0xf68861d0>,10.196078431372548 percent,18.03921568627451 percent,18.03921568627451 percent,-3.0 degree,0.0 count
183,2025-04-22 14:58:54,31.372549019607842 percent,14.901960784313726 percent,7.450980392156863 percent,96 kilopascal,bytearray(b'33920-66R0*'),13.499 volt,92 degree_Celsius,6.0 kilometer,0.0 kilometer,ELM327 v2.1,13.2 volt,44.705882352941174 percent,7.450980392156863 percent,"('Closed loop, using oxygen sensor feedback to determine fuel mix', '')",[],[],49 kilopascal,78 degree_Celsius,9.375 percent,10000000000000000000000000000001,10000000000000000000100000000000,Unknown : 0.0 count [PASSED],Unknown : 0.0 millisecond [PASSED],"Unknown : 0.0 degree [PASSED]
Unknown : 0.0 degree [PASSED]",0.095 volt,0.73 volt,"((), (False, False, False, False), (False, False, True, True))",EOBD (Europe),0001000000000000000000000000000000000000,10111110001111101011100000010011,10000000000001011010000000000001,01101010110100000000000000000000,8.235294117647058 percent,848.5 revolutions_per_minute,1526.0 second,-1.5625 percent,0.0 kilometer_per_hour,<obd.OBDResponse.Status object at 0xf68eacd0>,10.196078431372548 percent,18.03921568627451 percent,18.03921568627451 percent,-4.5 degree,0.0 count
184,2025-04-22 14:59:02,31.764705882352942 percent,14.901960784313726 percent,7.450980392156863 percent,96 kilopascal,bytearray(b'33920-66R0*'),13.523 volt,92 degree_Celsius,6.0 kilometer,0.0 kilometer,ELM327 v2.1,13.1 volt,44.31372549019608 percent,7.450980392156863 percent,"('Closed loop, using oxygen sensor feedback to determine fuel mix', '')",[],[],49 kilopascal,78 degree_Celsius,9.375 percent,10000000000000000000000000000001,10000000000000000000100000000000,Unknown : 0.0 count [PASSED],Unknown : 0.0 millisecond [PASSED],"Unknown : 0.0 degree [PASSED]
Unknown : 0.0 degree [PASSED]",0.105 volt,0.73 volt,"((), (False, False, False, False), (False, False, True, True))",EOBD (Europe),0001000000000000000000000000000000000000,10111110001111101011100000010011,10000000000001011010000000000001,01101010110100000000000000000000,7.8431372549019605 percent,843.0 revolutions_per_minute,1533.0 second,0.0 percent,0.0 kilometer_per_hour,<obd.OBDResponse.Status object at 0xf68866b0>,10.196078431372548 percent,18.03921568627451 percent,18.03921568627451 percent,-4.5 degree,0.0 count
185,2025-04-22 14:59:09,31.764705882352942 percent,14.901960784313726 percent,7.450980392156863 percent,96 kilopascal,bytearray(b'33920-66R0*'),13.664 volt,92 degree_Celsius,6.0 kilometer,0.0 kilometer,ELM327 v2.1,13.4 volt,44.705882352941174 percent,7.450980392156863 percent,"('Closed loop, using oxygen sensor feedback to determine fuel mix', '')",[],[],49 kilopascal,78 degree_Celsius,9.375 percent,10000000000000000000000000000001,10000000000000000000100000000000,Unknown : 0.0 count [PASSED],Unknown : 0.0 millisecond [PASSED],"Unknown : 0.0 degree [PASSED]
Unknown : 0.0 degree [PASSED]",0.755 volt,0.725 volt,"((), (False, False, False, False), (False, False, True, True))",EOBD (Europe),0001000000000000000000000000000000000000,10111110001111101011100000010011,10000000000001011010000000000001,01101010110100000000000000000000,8.235294117647058 percent,839.5 revolutions_per_minute,1540.0 second,1.5625 percent,0.0 kilometer_per_hour,<obd.OBDResponse.Status object at 0xf689e710>,10.196078431372548 percent,18.03921568627451 percent,18.03921568627451 percent,-4.5 degree,0.0 count
186,2025-04-22 14:59:16,31.372549019607842 percent,14.901960784313726 percent,7.450980392156863 percent,96 kilopascal,bytearray(b'33920-66R0*'),13.476 volt,92 degree_Celsius,6.0 kilometer,0.0 kilometer,ELM327 v2.1,13.5 volt,44.31372549019608 percent,7.450980392156863 percent,"('Closed loop, using oxygen sensor feedback to determine fuel mix', '')",[],[],49 kilopascal,78 degree_Celsius,9.375 percent,10000000000000000000000000000001,10000000000000000000100000000000,Unknown : 0.0 count [PASSED],Unknown : 0.0 millisecond [PASSED],"Unknown : 0.0 degree [PASSED]
Unknown : 0.0 degree [PASSED]",0.145 volt,0.725 volt,"((), (False, False, False, False), (False, False, True, True))",EOBD (Europe),0001000000000000000000000000000000000000,10111110001111101011100000010011,10000000000001011010000000000001,01101010110100000000000000000000,7.8431372549019605 percent,842.5 revolutions_per_minute,1547.0 second,0.0 percent,0.0 kilometer_per_hour,<obd.OBDResponse.Status object at 0xf6886290>,10.196078431372548 percent,18.03921568627451 percent,18.03921568627451 percent,-5.5 degree,0.0 count
187,2025-04-22 14:59:23,31.764705882352942 percent,14.901960784313726 percent,7.450980392156863 percent,96 kilopascal,bytearray(b'33920-66R0*'),13.593 volt,92 degree_Celsius,6.0 kilometer,0.0 kilometer,ELM327 v2.1,13.2 volt,43.92156862745098 percent,7.450980392156863 percent,"('Closed loop, using oxygen sensor feedback to determine fuel mix', '')",[],[],49 kilopascal,78 degree_Celsius,9.375 percent,10000000000000000000000000000001,10000000000000000000100000000000,Unknown : 0.0 count [PASSED],Unknown : 0.0 millisecond [PASSED],"Unknown : 0.0 degree [PASSED]
Unknown : 0.0 degree [PASSED]",0.1 volt,0.725 volt,"((), (False, False, False, False), (False, False, True, True))",EOBD (Europe),0001000000000000000000000000000000000000,10111110001111101011100000010011,10000000000001011010000000000001,01101010110100000000000000000000,7.8431372549019605 percent,850.5 revolutions_per_minute,1554.0 second,-3.125 percent,0.0 kilometer_per_hour,<obd.OBDResponse.Status object at 0xf6846e50>,10.196078431372548 percent,18.03921568627451 percent,18.03921568627451 percent,-3.0 degree,0.0 count
188,2025-04-22 14:59:30,30.980392156862745 percent,14.901960784313726 percent,7.450980392156863 percent,96 kilopascal,bytearray(b'33920-66R0*'),13.523 volt,92 degree_Celsius,6.0 kilometer,0.0 kilometer,ELM327 v2.1,13.1 volt,44.31372549019608 percent,7.450980392156863 percent,"('Closed loop, using oxygen sensor feedback to determine fuel mix', '')",[],[],48 kilopascal,78 degree_Celsius,9.375 percent,10000000000000000000000000000001,10000000000000000000100000000000,Unknown : 0.0 count [PASSED],Unknown : 0.0 millisecond [PASSED],"Unknown : 0.0 degree [PASSED]
Unknown : 0.0 degree [PASSED]",0.8 volt,0.725 volt,"((), (False, False, False, False), (False, False, True, True))",EOBD (Europe),0001000000000000000000000000000000000000,10111110001111101011100000010011,10000000000001011010000000000001,01101010110100000000000000000000,7.8431372549019605 percent,855.0 revolutions_per_minute,1561.0 second,3.90625 percent,0.0 kilometer_per_hour,<obd.OBDResponse.Status object at 0xf68866b0>,10.196078431372548 percent,18.03921568627451 percent,18.03921568627451 percent,-4.0 degree,0.0 count
189,2025-04-22 14:59:37,30.588235294117645 percent,14.509803921568627 percent,7.450980392156863 percent,96 kilopascal,bytearray(b'33920-66R0*'),13.57 volt,92 degree_Celsius,6.0 kilometer,0.0 kilometer,ELM327 v2.1,13.5 volt,43.92156862745098 percent,7.450980392156863 percent,"('Closed loop, using oxygen sensor feedback to determine fuel mix', '')",[],[],48 kilopascal,78 degree_Celsius,9.375 percent,10000000000000000000000000000001,10000000000000000000100000000000,Unknown : 0.0 count [PASSED],Unknown : 0.0 millisecond [PASSED],"Unknown : 0.0 degree [PASSED]
Unknown : 0.0 degree [PASSED]",0.615 volt,0.72 volt,"((), (False, False, False, False), (False, False, True, True))",EOBD (Europe),0001000000000000000000000000000000000000,10111110001111101011100000010011,10000000000001011010000000000001,01101010110100000000000000000000,7.8431372549019605 percent,858.0 revolutions_per_minute,1568.0 second,0.0 percent,0.0 kilometer_per_hour,<obd.OBDResponse.Status object at 0xf68862f0>,10.196078431372548 percent,18.03921568627451 percent,18.03921568627451 percent,-3.0 degree,0.0 count
190,2025-04-22 14:59:44,30.588235294117645 percent,14.901960784313726 percent,7.450980392156863 percent,96 kilopascal,bytearray(b'33920-66R0*'),13.546000000000001 volt,92 degree_Celsius,6.0 kilometer,0.0 kilometer,ELM327 v2.1,13.5 volt,43.13725490196079 percent,7.450980392156863 percent,"('Closed loop, using oxygen sensor feedback to determine fuel mix', '')",[],[],48 kilopascal,78 degree_Celsius,9.375 percent,10000000000000000000000000000001,10000000000000000000100000000000,Unknown : 0.0 count [PASSED],Unknown : 0.0 millisecond [PASSED],"Unknown : 0.0 degree [PASSED]
Unknown : 0.0 degree [PASSED]",0.105 volt,0.725 volt,"((), (False, False, False, False), (False, False, True, True))",EOBD (Europe),0001000000000000000000000000000000000000,10111110001111101011100000010011,10000000000001011010000000000001,01101010110100000000000000000000,7.8431372549019605 percent,853.0 revolutions_per_minute,1575.0 second,-2.34375 percent,0.0 kilometer_per_hour,<obd.OBDResponse.Status object at 0xf689e710>,10.196078431372548 percent,18.03921568627451 percent,18.03921568627451 percent,-3.0 degree,0.0 count
191,2025-04-22 14:59:51,30.588235294117645 percent,14.901960784313726 percent,7.450980392156863 percent,96 kilopascal,bytearray(b'33920-66R0*'),13.523 volt,92 degree_Celsius,6.0 kilometer,0.0 kilometer,ELM327 v2.1,13.4 volt,44.31372549019608 percent,3.9215686274509802 percent,"('Closed loop, using oxygen sensor feedback to determine fuel mix', '')",[],[],48 kilopascal,78 degree_Celsius,9.375 percent,10000000000000000000000000000001,10000000000000000000100000000000,Unknown : 0.0 count [PASSED],Unknown : 0.0 millisecond [PASSED],"Unknown : 0.0 degree [PASSED]
Unknown : 0.0 degree [PASSED]",0.855 volt,0.725 volt,"((), (False, False, False, False), (False, False, True, True))",EOBD (Europe),0001000000000000000000000000000000000000,10111110001111101011100000010011,10000000000001011010000000000001,01101010110100000000000000000000,7.8431372549019605 percent,838.0 revolutions_per_minute,1582.0 second,-1.5625 percent,0.0 kilometer_per_hour,<obd.OBDResponse.Status object at 0xf68862f0>,10.196078431372548 percent,18.03921568627451 percent,18.03921568627451 percent,-4.0 degree,0.0 count
192,2025-04-22 14:59:58,30.980392156862745 percent,14.901960784313726 percent,7.450980392156863 percent,96 kilopascal,bytearray(b'33920-66R0*'),13.523 volt,91 degree_Celsius,6.0 kilometer,0.0 kilometer,ELM327 v2.1,13.2 volt,43.13725490196079 percent,2.7450980392156863 percent,"('Closed loop, using oxygen sensor feedback to determine fuel mix', '')",[],[],48 kilopascal,78 degree_Celsius,9.375 percent,10000000000000000000000000000001,10000000000000000000100000000000,Unknown : 0.0 count [PASSED],Unknown : 0.0 millisecond [PASSED],"Unknown : 0.0 degree [PASSED]
Unknown : 0.0 degree [PASSED]",0.085 volt,0.72 volt,"((), (False, False, False, False), (False, False, True, True))",EOBD (Europe),0001000000000000000000000000000000000000,10111110001111101011100000010011,10000000000001011010000000000001,01101010110100000000000000000000,7.8431372549019605 percent,851.5 revolutions_per_minute,1589.0 second,0.78125 percent,0.0 kilometer_per_hour,<obd.OBDResponse.Status object at 0xf68eabf0>,10.196078431372548 percent,18.03921568627451 percent,17.647058823529413 percent,-3.0 degree,0.0 count
193,2025-04-22 15:00:05,30.588235294117645 percent,14.901960784313726 percent,7.450980392156863 percent,96 kilopascal,bytearray(b'33920-66R0*'),13.57 volt,91 degree_Celsius,6.0 kilometer,0.0 kilometer,ELM327 v2.1,13.5 volt,43.13725490196079 percent,3.1372549019607843 percent,"('Closed loop, using oxygen sensor feedback to determine fuel mix', '')",[],[],48 kilopascal,78 degree_Celsius,9.375 percent,10000000000000000000000000000001,10000000000000000000100000000000,Unknown : 0.0 count [PASSED],Unknown : 0.0 millisecond [PASSED],"Unknown : 0.0 degree [PASSED]
Unknown : 0.0 degree [PASSED]",0.1 volt,0.72 volt,"((), (False, False, False, False), (False, False, True, True))",EOBD (Europe),0001000000000000000000000000000000000000,10111110001111101011100000010011,10000000000001011010000000000001,01101010110100000000000000000000,7.8431372549019605 percent,850.5 revolutions_per_minute,1596.0 second,0.0 percent,0.0 kilometer_per_hour,<obd.OBDResponse.Status object at 0xf68861d0>,10.196078431372548 percent,18.03921568627451 percent,17.647058823529413 percent,-1.5 degree,0.0 count
194,2025-04-22 15:00:12,30.19607843137255 percent,14.901960784313726 percent,7.450980392156863 percent,96 kilopascal,bytearray(b'33920-66R0*'),13.546000000000001 volt,91 degree_Celsius,6.0 kilometer,0.0 kilometer,ELM327 v2.1,13.3 volt,42.745098039215684 percent,0.0 percent,"('Closed loop, using oxygen sensor feedback to determine fuel mix', '')",[],[],47 kilopascal,78 degree_Celsius,9.375 percent,10000000000000000000000000000001,10000000000000000000100000000000,Unknown : 0.0 count [PASSED],Unknown : 0.0 millisecond [PASSED],"Unknown : 0.0 degree [PASSED]
Unknown : 0.0 degree [PASSED]",0.235 volt,0.72 volt,"((), (False, False, False, False), (False, False, True, True))",EOBD (Europe),0001000000000000000000000000000000000000,10111110001111101011100000010011,10000000000001011010000000000001,01101010110100000000000000000000,7.8431372549019605 percent,852.5 revolutions_per_minute,1603.0 second,0.78125 percent,0.0 kilometer_per_hour,<obd.OBDResponse.Status object at 0xf689e710>,10.196078431372548 percent,18.03921568627451 percent,17.647058823529413 percent,-1.5 degree,0.0 count
195,2025-04-22 15:00:19,30.588235294117645 percent,14.901960784313726 percent,7.450980392156863 percent,96 kilopascal,bytearray(b'33920-66R0*'),13.546000000000001 volt,90 degree_Celsius,6.0 kilometer,0.0 kilometer,ELM327 v2.1,13.4 volt,43.13725490196079 percent,3.1372549019607843 percent,"('Closed loop, using oxygen sensor feedback to determine fuel mix', '')",[],[],48 kilopascal,78 degree_Celsius,9.375 percent,10000000000000000000000000000001,10000000000000000000100000000000,Unknown : 0.0 count [PASSED],Unknown : 0.0 millisecond [PASSED],"Unknown : 0.0 degree [PASSED]
Unknown : 0.0 degree [PASSED]",0.28 volt,0.725 volt,"((), (False, False, False, False), (False, False, True, True))",EOBD (Europe),0001000000000000000000000000000000000000,10111110001111101011100000010011,10000000000001011010000000000001,01101010110100000000000000000000,7.8431372549019605 percent,847.0 revolutions_per_minute,1610.0 second,-0.78125 percent,0.0 kilometer_per_hour,<obd.OBDResponse.Status object at 0xf689e710>,10.196078431372548 percent,18.03921568627451 percent,17.647058823529413 percent,-1.5 degree,0.0 count
196,2025-04-22 15:00:26,30.19607843137255 percent,14.901960784313726 percent,7.450980392156863 percent,96 kilopascal,bytearray(b'33920-66R0*'),13.499 volt,90 degree_Celsius,6.0 kilometer,0.0 kilometer,ELM327 v2.1,13.0 volt,43.529411764705884 percent,3.1372549019607843 percent,"('Closed loop, using oxygen sensor feedback to determine fuel mix', '')",[],[],48 kilopascal,78 degree_Celsius,9.375 percent,10000000000000000000000000000001,10000000000000000000100000000000,Unknown : 0.0 count [PASSED],Unknown : 0.0 millisecond [PASSED],"Unknown : 0.0 degree [PASSED]
Unknown : 0.0 degree [PASSED]",0.375 volt,0.72 volt,"((), (False, False, False, False), (False, False, True, True))",EOBD (Europe),0001000000000000000000000000000000000000,10111110001111101011100000010011,10000000000001011010000000000001,01101010110100000000000000000000,7.8431372549019605 percent,847.0 revolutions_per_minute,1617.0 second,0.0 percent,0.0 kilometer_per_hour,<obd.OBDResponse.Status object at 0xf68861d0>,10.196078431372548 percent,18.03921568627451 percent,17.647058823529413 percent,-1.5 degree,0.0 count
197,2025-04-22 15:00:33,30.19607843137255 percent,14.901960784313726 percent,7.450980392156863 percent,96 kilopascal,bytearray(b'33920-66R0*'),13.523 volt,90 degree_Celsius,6.0 kilometer,0.0 kilometer,ELM327 v2.1,13.5 volt,43.529411764705884 percent,3.1372549019607843 percent,"('Closed loop, using oxygen sensor feedback to determine fuel mix', '')",[],[],47 kilopascal,78 degree_Celsius,9.375 percent,10000000000000000000000000000001,10000000000000000000100000000000,Unknown : 0.0 count [PASSED],Unknown : 0.0 millisecond [PASSED],"Unknown : 0.0 degree [PASSED]
Unknown : 0.0 degree [PASSED]",0.815 volt,0.72 volt,"((), (False, False, False, False), (False, False, True, True))",EOBD (Europe),0001000000000000000000000000000000000000,10111110001111101011100000010011,10000000000001011010000000000001,01101010110100000000000000000000,7.8431372549019605 percent,852.5 revolutions_per_minute,1624.0 second,3.125 percent,0.0 kilometer_per_hour,<obd.OBDResponse.Status object at 0xf689ec30>,10.196078431372548 percent,18.03921568627451 percent,17.647058823529413 percent,-4.0 degree,0.0 count
198,2025-04-22 15:00:40,30.588235294117645 percent,14.901960784313726 percent,7.450980392156863 percent,96 kilopascal,bytearray(b'33920-66R0*'),13.546000000000001 volt,90 degree_Celsius,6.0 kilometer,0.0 kilometer,ELM327 v2.1,13.0 volt,42.745098039215684 percent,0.0 percent,"('Closed loop, using oxygen sensor feedback to determine fuel mix', '')",[],[],47 kilopascal,79 degree_Celsius,9.375 percent,10000000000000000000000000000001,10000000000000000000100000000000,Unknown : 0.0 count [PASSED],Unknown : 0.0 millisecond [PASSED],"Unknown : 0.0 degree [PASSED]
Unknown : 0.0 degree [PASSED]",0.135 volt,0.72 volt,"((), (False, False, False, False), (False, False, True, True))",EOBD (Europe),0001000000000000000000000000000000000000,10111110001111101011100000010011,10000000000001011010000000000001,01101010110100000000000000000000,7.8431372549019605 percent,834.5 revolutions_per_minute,1631.0 second,1.5625 percent,0.0 kilometer_per_hour,<obd.OBDResponse.Status object at 0xf689e710>,10.196078431372548 percent,18.03921568627451 percent,17.647058823529413 percent,-4.0 degree,0.0 count
199,2025-04-22 15:00:46,30.588235294117645 percent,14.901960784313726 percent,7.450980392156863 percent,96 kilopascal,bytearray(b'33920-66R0*'),13.688 volt,90 degree_Celsius,6.0 kilometer,0.0 kilometer,ELM327 v2.1,13.1 volt,42.35294117647059 percent,0.0 percent,"('Closed loop, using oxygen sensor feedback to determine fuel mix', '')",[],[],47 kilopascal,79 degree_Celsius,9.375 percent,10000000000000000000000000000001,10000000000000000000100000000000,Unknown : 0.0 count [PASSED],Unknown : 0.0 millisecond [PASSED],"Unknown : 0.0 degree [PASSED]
Unknown : 0.0 degree [PASSED]",0.135 volt,0.72 volt,"((), (False, False, False, False), (False, False, True, True))",EOBD (Europe),0001000000000000000000000000000000000000,10111110001111101011100000010011,10000000000001011010000000000001,01101010110100000000000000000000,7.8431372549019605 percent,834.5 revolutions_per_minute,1638.0 second,2.34375 percent,0.0 kilometer_per_hour,<obd.OBDResponse.Status object at 0xf689e710>,10.196078431372548 percent,18.03921568627451 percent,17.647058823529413 percent,-4.0 degree,0.0 count
200,2025-04-22 15:00:53,30.588235294117645 percent,14.901960784313726 percent,7.450980392156863 percent,96 kilopascal,bytearray(b'33920-66R0*'),13.546000000000001 volt,90 degree_Celsius,6.0 kilometer,0.0 kilometer,ELM327 v2.1,13.1 volt,42.745098039215684 percent,0.0 percent,"('Closed loop, using oxygen sensor feedback to determine fuel mix', '')",[],[],47 kilopascal,79 degree_Celsius,9.375 percent,10000000000000000000000000000001,10000000000000000000100000000000,Unknown : 0.0 count [PASSED],Unknown : 0.0 millisecond [PASSED],"Unknown : 0.0 degree [PASSED]
Unknown : 0.0 degree [PASSED]",0.135 volt,0.72 volt,"((), (False, False, False, False), (False, False, True, True))",EOBD (Europe),0001000000000000000000000000000000000000,10111110001111101011100000010011,10000000000001011010000000000001,01101010110100000000000000000000,7.8431372549019605 percent,848.0 revolutions_per_minute,1645.0 second,1.5625 percent,0.0 kilometer_per_hour,<obd.OBDResponse.Status object at 0xf68eab90>,10.196078431372548 percent,18.03921568627451 percent,17.647058823529413 percent,-4.0 degree,0.0 count
201,2025-04-22 15:01:00,30.19607843137255 percent,14.901960784313726 percent,7.450980392156863 percent,96 kilopascal,bytearray(b'33920-66R0*'),13.523 volt,90 degree_Celsius,6.0 kilometer,0.0 kilometer,ELM327 v2.1,13.1 volt,42.35294117647059 percent,0.0 percent,"('Closed loop, using oxygen sensor feedback to determine fuel mix', '')",[],[],48 kilopascal,79 degree_Celsius,9.375 percent,10000000000000000000000000000001,10000000000000000000100000000000,Unknown : 0.0 count [PASSED],Unknown : 0.0 millisecond [PASSED],"Unknown : 0.0 degree [PASSED]
Unknown : 0.0 degree [PASSED]",0.11 volt,0.715 volt,"((), (False, False, False, False), (False, False, True, True))",EOBD (Europe),0001000000000000000000000000000000000000,10111110001111101011100000010011,10000000000001011010000000000001,01101010110100000000000000000000,7.8431372549019605 percent,842.5 revolutions_per_minute,1652.0 second,-0.78125 percent,0.0 kilometer_per_hour,<obd.OBDResponse.Status object at 0xf68eabf0>,10.196078431372548 percent,18.03921568627451 percent,17.647058823529413 percent,-2.5 degree,0.0 count
202,2025-04-22 15:01:07,30.19607843137255 percent,14.901960784313726 percent,7.450980392156863 percent,96 kilopascal,bytearray(b'33920-66R0*'),13.593 volt,90 degree_Celsius,6.0 kilometer,0.0 kilometer,ELM327 v2.1,13.3 volt,43.13725490196079 percent,2.3529411764705883 percent,"('Closed loop, using oxygen sensor feedback to determine fuel mix', '')",[],[],47 kilopascal,79 degree_Celsius,9.375 percent,10000000000000000000000000000001,10000000000000000000100000000000,Unknown : 0.0 count [PASSED],Unknown : 0.0 millisecond [PASSED],"Unknown : 0.0 degree [PASSED]
Unknown : 0.0 degree [PASSED]",0.805 volt,0.72 volt,"((), (False, False, False, False), (False, False, True, True))",EOBD (Europe),0001000000000000000000000000000000000000,10111110001111101011100000010011,10000000000001011010000000000001,01101010110100000000000000000000,7.8431372549019605 percent,854.5 revolutions_per_minute,1659.0 second,3.90625 percent,0.0 kilometer_per_hour,<obd.OBDResponse.Status object at 0xf68ead90>,10.196078431372548 percent,18.03921568627451 percent,18.03921568627451 percent,-4.0 degree,0.0 count
203,2025-04-22 15:01:14,30.588235294117645 percent,14.901960784313726 percent,7.450980392156863 percent,96 kilopascal,bytearray(b'33920-66R0*'),13.546000000000001 volt,90 degree_Celsius,6.0 kilometer,0.0 kilometer,ELM327 v2.1,13.2 volt,43.13725490196079 percent,0.0 percent,"('Closed loop, using oxygen sensor feedback to determine fuel mix', '')",[],[],47 kilopascal,79 degree_Celsius,9.375 percent,10000000000000000000000000000001,10000000000000000000100000000000,Unknown : 0.0 count [PASSED],Unknown : 0.0 millisecond [PASSED],"Unknown : 0.0 degree [PASSED]
Unknown : 0.0 degree [PASSED]",0.805 volt,0.72 volt,"((), (False, False, False, False), (False, False, True, True))",EOBD (Europe),0001000000000000000000000000000000000000,10111110001111101011100000010011,10000000000001011010000000000001,01101010110100000000000000000000,7.8431372549019605 percent,861.5 revolutions_per_minute,1666.0 second,3.125 percent,0.0 kilometer_per_hour,<obd.OBDResponse.Status object at 0xf689ec30>,10.196078431372548 percent,18.03921568627451 percent,18.03921568627451 percent,-4.0 degree,0.0 count
204,2025-04-22 15:01:21,30.980392156862745 percent,14.509803921568627 percent,7.450980392156863 percent,96 kilopascal,bytearray(b'33920-66R0*'),13.57 volt,90 degree_Celsius,6.0 kilometer,0.0 kilometer,ELM327 v2.1,13.1 volt,43.529411764705884 percent,5.490196078431373 percent,"('Closed loop, using oxygen sensor feedback to determine fuel mix', '')",[],[],48 kilopascal,79 degree_Celsius,9.375 percent,10000000000000000000000000000001,10000000000000000000100000000000,Unknown : 0.0 count [PASSED],Unknown : 0.0 millisecond [PASSED],"Unknown : 0.0 degree [PASSED]
Unknown : 0.0 degree [PASSED]",0.885 volt,0.735 volt,"((), (False, False, False, False), (False, False, True, True))",EOBD (Europe),0001000000000000000000000000000000000000,10111110001111101011100000010011,10000000000001011010000000000001,01101010110100000000000000000000,7.8431372549019605 percent,836.0 revolutions_per_minute,1673.0 second,-3.90625 percent,0.0 kilometer_per_hour,<obd.OBDResponse.Status object at 0xf68eab90>,10.196078431372548 percent,18.03921568627451 percent,18.03921568627451 percent,-3.0 degree,0.0 count
205,2025-04-22 15:01:28,30.980392156862745 percent,14.901960784313726 percent,7.450980392156863 percent,96 kilopascal,bytearray(b'33920-66R0*'),13.57 volt,90 degree_Celsius,6.0 kilometer,0.0 kilometer,ELM327 v2.1,13.4 volt,43.13725490196079 percent,7.450980392156863 percent,"('Closed loop, using oxygen sensor feedback to determine fuel mix', '')",[],[],47 kilopascal,79 degree_Celsius,9.375 percent,10000000000000000000000000000001,10000000000000000000100000000000,Unknown : 0.0 count [PASSED],Unknown : 0.0 millisecond [PASSED],"Unknown : 0.0 degree [PASSED]
Unknown : 0.0 degree [PASSED]",0.145 volt,0.73 volt,"((), (False, False, False, False), (False, False, True, True))",EOBD (Europe),0001000000000000000000000000000000000000,10111110001111101011100000010011,10000000000001011010000000000001,01101010110100000000000000000000,8.235294117647058 percent,840.5 revolutions_per_minute,1680.0 second,-0.78125 percent,0.0 kilometer_per_hour,<obd.OBDResponse.Status object at 0xf68ead90>,10.588235294117647 percent,18.431372549019606 percent,18.03921568627451 percent,-6.0 degree,0.0 count
206,2025-04-22 15:01:35,30.588235294117645 percent,14.901960784313726 percent,7.450980392156863 percent,96 kilopascal,bytearray(b'33920-66R0*'),13.499 volt,90 degree_Celsius,6.0 kilometer,0.0 kilometer,ELM327 v2.1,13.1 volt,43.92156862745098 percent,2.7450980392156863 percent,"('Closed loop, using oxygen sensor feedback to determine fuel mix', '')",[],[],50 kilopascal,79 degree_Celsius,9.375 percent,10000000000000000000000000000001,10000000000000000000100000000000,Unknown : 0.0 count [PASSED],Unknown : 0.0 millisecond [PASSED],"Unknown : 0.0 degree [PASSED]
Unknown : 0.0 degree [PASSED]",0.05 volt,0.705 volt,"((), (False, False, False, False), (False, False, True, True))",EOBD (Europe),0001000000000000000000000000000000000000,10111110001111101011100000010011,10000000000001011010000000000001,01101010110100000000000000000000,8.235294117647058 percent,877.0 revolutions_per_minute,1686.0 second,-0.78125 percent,0.0 kilometer_per_hour,<obd.OBDResponse.Status object at 0xf68862f0>,10.196078431372548 percent,18.03921568627451 percent,18.03921568627451 percent,-4.5 degree,0.0 count
207,2025-04-22 15:01:42,30.980392156862745 percent,14.901960784313726 percent,7.450980392156863 percent,96 kilopascal,bytearray(b'33920-66R0*'),13.546000000000001 volt,90 degree_Celsius,6.0 kilometer,0.0 kilometer,ELM327 v2.1,13.4 volt,43.92156862745098 percent,7.450980392156863 percent,"('Closed loop, using oxygen sensor feedback to determine fuel mix', '')",[],[],48 kilopascal,79 degree_Celsius,9.375 percent,10000000000000000000000000000001,10000000000000000000100000000000,Unknown : 0.0 count [PASSED],Unknown : 0.0 millisecond [PASSED],"Unknown : 0.0 degree [PASSED]
Unknown : 0.0 degree [PASSED]",0.8 volt,0.725 volt,"((), (False, False, False, False), (False, False, True, True))",EOBD (Europe),0001000000000000000000000000000000000000,10111110001111101011100000010011,10000000000001011010000000000001,01101010110100000000000000000000,7.8431372549019605 percent,869.0 revolutions_per_minute,1694.0 second,-2.34375 percent,0.0 kilometer_per_hour,<obd.OBDResponse.Status object at 0xf68ea130>,10.196078431372548 percent,18.03921568627451 percent,18.03921568627451 percent,-2.5 degree,0.0 count
208,2025-04-22 15:01:49,30.980392156862745 percent,14.901960784313726 percent,7.450980392156863 percent,96 kilopascal,bytearray(b'33920-66R0*'),13.57 volt,90 degree_Celsius,6.0 kilometer,0.0 kilometer,ELM327 v2.1,13.1 volt,44.31372549019608 percent,7.8431372549019605 percent,"('Closed loop, using oxygen sensor feedback to determine fuel mix', '')",[],[],48 kilopascal,79 degree_Celsius,9.375 percent,10000000000000000000000000000001,10000000000000000000100000000000,Unknown : 0.0 count [PASSED],Unknown : 0.0 millisecond [PASSED],"Unknown : 0.0 degree [PASSED]
Unknown : 0.0 degree [PASSED]",0.745 volt,0.725 volt,"((), (False, False, False, False), (False, False, True, True))",EOBD (Europe),0001000000000000000000000000000000000000,10111110001111101011100000010011,10000000000001011010000000000001,01101010110100000000000000000000,7.8431372549019605 percent,861.0 revolutions_per_minute,1700.0 second,-1.5625 percent,0.0 kilometer_per_hour,<obd.OBDResponse.Status object at 0xf6886290>,10.196078431372548 percent,18.03921568627451 percent,18.03921568627451 percent,-4.0 degree,0.0 count
209,2025-04-22 15:01:56,30.980392156862745 percent,14.901960784313726 percent,7.450980392156863 percent,96 kilopascal,bytearray(b'33920-66R0*'),13.499 volt,90 degree_Celsius,6.0 kilometer,0.0 kilometer,ELM327 v2.1,13.0 volt,44.31372549019608 percent,7.8431372549019605 percent,"('Closed loop, using oxygen sensor feedback to determine fuel mix', '')",[],[],48 kilopascal,79 degree_Celsius,9.375 percent,10000000000000000000000000000001,10000000000000000000100000000000,Unknown : 0.0 count [PASSED],Unknown : 0.0 millisecond [PASSED],"Unknown : 0.0 degree [PASSED]
Unknown : 0.0 degree [PASSED]",0.225 volt,0.725 volt,"((), (False, False, False, False), (False, False, True, True))",EOBD (Europe),0001000000000000000000000000000000000000,10111110001111101011100000010011,10000000000001011010000000000001,01101010110100000000000000000000,7.8431372549019605 percent,860.5 revolutions_per_minute,1707.0 second,-4.6875 percent,0.0 kilometer_per_hour,<obd.OBDResponse.Status object at 0xf689e710>,10.196078431372548 percent,18.03921568627451 percent,18.03921568627451 percent,-3.0 degree,0.0 count
210,2025-04-22 15:02:03,30.980392156862745 percent,14.901960784313726 percent,7.450980392156863 percent,96 kilopascal,bytearray(b'33920-66R0*'),13.546000000000001 volt,90 degree_Celsius,6.0 kilometer,0.0 kilometer,ELM327 v2.1,13.1 volt,44.31372549019608 percent,7.450980392156863 percent,"('Closed loop, using oxygen sensor feedback to determine fuel mix', '')",[],[],48 kilopascal,79 degree_Celsius,9.375 percent,10000000000000000000000000000001,10000000000000000000100000000000,Unknown : 0.0 count [PASSED],Unknown : 0.0 millisecond [PASSED],"Unknown : 0.0 degree [PASSED]
Unknown : 0.0 degree [PASSED]",0.665 volt,0.725 volt,"((), (False, False, False, False), (False, False, True, True))",EOBD (Europe),0001000000000000000000000000000000000000,10111110001111101011100000010011,10000000000001011010000000000001,01101010110100000000000000000000,7.8431372549019605 percent,862.0 revolutions_per_minute,1714.0 second,0.78125 percent,0.0 kilometer_per_hour,<obd.OBDResponse.Status object at 0xf68862f0>,10.196078431372548 percent,18.03921568627451 percent,18.03921568627451 percent,-3.0 degree,0.0 count
211,2025-04-22 15:02:10,30.980392156862745 percent,14.509803921568627 percent,7.450980392156863 percent,96 kilopascal,bytearray(b'33920-66R0*'),13.64 volt,90 degree_Celsius,6.0 kilometer,0.0 kilometer,ELM327 v2.1,13.1 volt,43.92156862745098 percent,7.450980392156863 percent,"('Closed loop, using oxygen sensor feedback to determine fuel mix', '')",[],[],48 kilopascal,79 degree_Celsius,9.375 percent,10000000000000000000000000000001,10000000000000000000100000000000,Unknown : 0.0 count [PASSED],Unknown : 0.0 millisecond [PASSED],"Unknown : 0.0 degree [PASSED]
Unknown : 0.0 degree [PASSED]",0.8 volt,0.725 volt,"((), (False, False, False, False), (False, False, True, True))",EOBD (Europe),0001000000000000000000000000000000000000,10111110001111101011100000010011,10000000000001011010000000000001,01101010110100000000000000000000,7.8431372549019605 percent,854.5 revolutions_per_minute,1721.0 second,2.34375 percent,0.0 kilometer_per_hour,<obd.OBDResponse.Status object at 0xf68eacd0>,10.196078431372548 percent,18.03921568627451 percent,18.03921568627451 percent,-4.0 degree,0.0 count
212,2025-04-22 15:02:17,31.372549019607842 percent,14.901960784313726 percent,7.450980392156863 percent,96 kilopascal,bytearray(b'33920-66R0*'),13.546000000000001 volt,91 degree_Celsius,6.0 kilometer,0.0 kilometer,ELM327 v2.1,13.5 volt,43.529411764705884 percent,7.450980392156863 percent,"('Closed loop, using oxygen sensor feedback to determine fuel mix', '')",[],[],49 kilopascal,80 degree_Celsius,9.375 percent,10000000000000000000000000000001,10000000000000000000100000000000,Unknown : 0.0 count [PASSED],Unknown : 0.0 millisecond [PASSED],"Unknown : 0.0 degree [PASSED]
Unknown : 0.0 degree [PASSED]",0.83 volt,0.725 volt,"((), (False, False, False, False), (False, False, True, True))",EOBD (Europe),0001000000000000000000000000000000000000,10111110001111101011100000010011,10000000000001011010000000000001,01101010110100000000000000000000,7.8431372549019605 percent,842.0 revolutions_per_minute,1728.0 second,0.0 percent,0.0 kilometer_per_hour,<obd.OBDResponse.Status object at 0xf6886290>,10.196078431372548 percent,18.03921568627451 percent,18.03921568627451 percent,-3.0 degree,0.0 count
213,2025-04-22 15:02:24,31.372549019607842 percent,14.901960784313726 percent,7.450980392156863 percent,96 kilopascal,bytearray(b'33920-66R0*'),13.546000000000001 volt,91 degree_Celsius,6.0 kilometer,0.0 kilometer,ELM327 v2.1,13.2 volt,43.529411764705884 percent,7.450980392156863 percent,"('Closed loop, using oxygen sensor feedback to determine fuel mix', '')",[],[],49 kilopascal,80 degree_Celsius,9.375 percent,10000000000000000000000000000001,10000000000000000000100000000000,Unknown : 0.0 count [PASSED],Unknown : 0.0 millisecond [PASSED],"Unknown : 0.0 degree [PASSED]
Unknown : 0.0 degree [PASSED]",0.12 volt,0.725 volt,"((), (False, False, False, False), (False, False, True, True))",EOBD (Europe),0001000000000000000000000000000000000000,10111110001111101011100000010011,10000000000001011010000000000001,01101010110100000000000000000000,7.8431372549019605 percent,860.0 revolutions_per_minute,1735.0 second,-1.5625 percent,0.0 kilometer_per_hour,<obd.OBDResponse.Status object at 0xf68ead90>,10.196078431372548 percent,18.03921568627451 percent,18.03921568627451 percent,-3.0 degree,0.0 count
214,2025-04-22 15:02:31,31.372549019607842 percent,14.901960784313726 percent,7.450980392156863 percent,96 kilopascal,bytearray(b'33920-66R0*'),13.523 volt,91 degree_Celsius,6.0 kilometer,0.0 kilometer,ELM327 v2.1,13.1 volt,44.31372549019608 percent,7.450980392156863 percent,"('Closed loop, using oxygen sensor feedback to determine fuel mix', '')",[],[],49 kilopascal,80 degree_Celsius,9.375 percent,10000000000000000000000000000001,10000000000000000000100000000000,Unknown : 0.0 count [PASSED],Unknown : 0.0 millisecond [PASSED],"Unknown : 0.0 degree [PASSED]
Unknown : 0.0 degree [PASSED]",0.68 volt,0.725 volt,"((), (False, False, False, False), (False, False, True, True))",EOBD (Europe),0001000000000000000000000000000000000000,10111110001111101011100000010011,10000000000001011010000000000001,01101010110100000000000000000000,7.8431372549019605 percent,849.0 revolutions_per_minute,1742.0 second,-0.78125 percent,0.0 kilometer_per_hour,<obd.OBDResponse.Status object at 0xf689ec30>,10.196078431372548 percent,18.03921568627451 percent,18.03921568627451 percent,-4.5 degree,0.0 count
215,2025-04-22 15:02:38,31.764705882352942 percent,14.901960784313726 percent,7.450980392156863 percent,96 kilopascal,bytearray(b'33920-66R0*'),13.499 volt,91 degree_Celsius,6.0 kilometer,0.0 kilometer,ELM327 v2.1,13.1 volt,44.31372549019608 percent,7.450980392156863 percent,"('Closed loop, using oxygen sensor feedback to determine fuel mix', '')",[],[],49 kilopascal,80 degree_Celsius,9.375 percent,10000000000000000000000000000001,10000000000000000000100000000000,Unknown : 0.0 count [PASSED],Unknown : 0.0 millisecond [PASSED],"Unknown : 0.0 degree [PASSED]
Unknown : 0.0 degree [PASSED]",0.315 volt,0.72 volt,"((), (False, False, False, False), (False, False, True, True))",EOBD (Europe),0001000000000000000000000000000000000000,10111110001111101011100000010011,10000000000001011010000000000001,01101010110100000000000000000000,7.8431372549019605 percent,852.0 revolutions_per_minute,1749.0 second,-0.78125 percent,0.0 kilometer_per_hour,<obd.OBDResponse.Status object at 0xf689ec30>,10.196078431372548 percent,18.03921568627451 percent,18.03921568627451 percent,-4.0 degree,0.0 count
216,2025-04-22 15:02:45,31.372549019607842 percent,14.901960784313726 percent,7.450980392156863 percent,96 kilopascal,bytearray(b'33920-66R0*'),13.546000000000001 volt,91 degree_Celsius,6.0 kilometer,0.0 kilometer,ELM327 v2.1,13.0 volt,43.92156862745098 percent,7.450980392156863 percent,"('Closed loop, using oxygen sensor feedback to determine fuel mix', '')",[],[],48 kilopascal,80 degree_Celsius,9.375 percent,10000000000000000000000000000001,10000000000000000000100000000000,Unknown : 0.0 count [PASSED],Unknown : 0.0 millisecond [PASSED],"Unknown : 0.0 degree [PASSED]
Unknown : 0.0 degree [PASSED]",0.14 volt,0.715 volt,"((), (False, False, False, False), (False, False, True, True))",EOBD (Europe),0001000000000000000000000000000000000000,10111110001111101011100000010011,10000000000001011010000000000001,01101010110100000000000000000000,7.8431372549019605 percent,859.0 revolutions_per_minute,1756.0 second,3.125 percent,0.0 kilometer_per_hour,<obd.OBDResponse.Status object at 0xf68ead90>,10.196078431372548 percent,18.03921568627451 percent,18.03921568627451 percent,-4.0 degree,0.0 count
217,2025-04-22 15:02:52,31.372549019607842 percent,14.901960784313726 percent,7.450980392156863 percent,96 kilopascal,bytearray(b'33920-66R0*'),13.499 volt,92 degree_Celsius,6.0 kilometer,0.0 kilometer,ELM327 v2.1,13.2 volt,43.529411764705884 percent,7.450980392156863 percent,"('Closed loop, using oxygen sensor feedback to determine fuel mix', '')",[],[],48 kilopascal,80 degree_Celsius,9.375 percent,10000000000000000000000000000001,10000000000000000000100000000000,Unknown : 0.0 count [PASSED],Unknown : 0.0 millisecond [PASSED],"Unknown : 0.0 degree [PASSED]
Unknown : 0.0 degree [PASSED]",0.145 volt,0.72 volt,"((), (False, False, False, False), (False, False, True, True))",EOBD (Europe),0001000000000000000000000000000000000000,10111110001111101011100000010011,10000000000001011010000000000001,01101010110100000000000000000000,7.8431372549019605 percent,844.5 revolutions_per_minute,1763.0 second,3.125 percent,0.0 kilometer_per_hour,<obd.OBDResponse.Status object at 0xf68ead90>,10.196078431372548 percent,18.03921568627451 percent,18.03921568627451 percent,-4.5 degree,0.0 count
218,2025-04-22 15:02:59,30.980392156862745 percent,14.901960784313726 percent,7.450980392156863 percent,96 kilopascal,bytearray(b'33920-66R0*'),13.593 volt,92 degree_Celsius,6.0 kilometer,0.0 kilometer,ELM327 v2.1,13.1 volt,43.529411764705884 percent,7.450980392156863 percent,"('Closed loop, using oxygen sensor feedback to determine fuel mix', '')",[],[],49 kilopascal,80 degree_Celsius,9.375 percent,10000000000000000000000000000001,10000000000000000000100000000000,Unknown : 0.0 count [PASSED],Unknown : 0.0 millisecond [PASSED],"Unknown : 0.0 degree [PASSED]
Unknown : 0.0 degree [PASSED]",0.785 volt,0.72 volt,"((), (False, False, False, False), (False, False, True, True))",EOBD (Europe),0001000000000000000000000000000000000000,10111110001111101011100000010011,10000000000001011010000000000001,01101010110100000000000000000000,7.8431372549019605 percent,849.5 revolutions_per_minute,1770.0 second,3.125 percent,0.0 kilometer_per_hour,<obd.OBDResponse.Status object at 0xf68866b0>,10.196078431372548 percent,18.03921568627451 percent,17.647058823529413 percent,-4.0 degree,0.0 count
219,2025-04-22 15:03:06,30.588235294117645 percent,14.509803921568627 percent,7.450980392156863 percent,96 kilopascal,bytearray(b'33920-66R0*'),13.523 volt,92 degree_Celsius,6.0 kilometer,0.0 kilometer,ELM327 v2.1,13.0 volt,42.745098039215684 percent,0.0 percent,"('Closed loop, using oxygen sensor feedback to determine fuel mix', '')",[],[],48 kilopascal,80 degree_Celsius,9.375 percent,10000000000000000000000000000001,10000000000000000000100000000000,Unknown : 0.0 count [PASSED],Unknown : 0.0 millisecond [PASSED],"Unknown : 0.0 degree [PASSED]
Unknown : 0.0 degree [PASSED]",0.115 volt,0.715 volt,"((), (False, False, False, False), (False, False, True, True))",EOBD (Europe),0001000000000000000000000000000000000000,10111110001111101011100000010011,10000000000001011010000000000001,01101010110100000000000000000000,7.8431372549019605 percent,835.5 revolutions_per_minute,1777.0 second,2.34375 percent,0.0 kilometer_per_hour,<obd.OBDResponse.Status object at 0xf68eab50>,10.196078431372548 percent,18.03921568627451 percent,18.03921568627451 percent,-4.0 degree,0.0 count
220,2025-04-22 15:03:13,30.19607843137255 percent,14.901960784313726 percent,7.450980392156863 percent,96 kilopascal,bytearray(b'33920-66R0*'),13.593 volt,92 degree_Celsius,6.0 kilometer,0.0 kilometer,ELM327 v2.1,13.1 volt,42.35294117647059 percent,0.0 percent,"('Closed loop, using oxygen sensor feedback to determine fuel mix', '')",[],[],47 kilopascal,80 degree_Celsius,9.375 percent,10000000000000000000000000000001,10000000000000000000100000000000,Unknown : 0.0 count [PASSED],Unknown : 0.0 millisecond [PASSED],"Unknown : 0.0 degree [PASSED]
Unknown : 0.0 degree [PASSED]",0.13 volt,0.715 volt,"((), (False, False, False, False), (False, False, True, True))",EOBD (Europe),0001000000000000000000000000000000000000,10111110001111101011100000010011,10000000000001011010000000000001,01101010110100000000000000000000,7.8431372549019605 percent,848.0 revolutions_per_minute,1784.0 second,1.5625 percent,0.0 kilometer_per_hour,<obd.OBDResponse.Status object at 0xf68861d0>,10.196078431372548 percent,18.03921568627451 percent,17.647058823529413 percent,-3.0 degree,0.0 count
221,2025-04-22 15:03:19,30.19607843137255 percent,14.901960784313726 percent,7.450980392156863 percent,96 kilopascal,bytearray(b'33920-66R0*'),13.593 volt,91 degree_Celsius,6.0 kilometer,0.0 kilometer,ELM327 v2.1,13.1 volt,42.745098039215684 percent,0.0 percent,"('Closed loop, using oxygen sensor feedback to determine fuel mix', '')",[],[],47 kilopascal,80 degree_Celsius,9.375 percent,10000000000000000000000000000001,10000000000000000000100000000000,Unknown : 0.0 count [PASSED],Unknown : 0.0 millisecond [PASSED],"Unknown : 0.0 degree [PASSED]
Unknown : 0.0 degree [PASSED]",0.17 volt,0.71 volt,"((), (False, False, False, False), (False, False, True, True))",EOBD (Europe),0001000000000000000000000000000000000000,10111110001111101011100000010011,10000000000001011010000000000001,01101010110100000000000000000000,7.8431372549019605 percent,848.0 revolutions_per_minute,1791.0 second,0.0 percent,0.0 kilometer_per_hour,<obd.OBDResponse.Status object at 0xf68ead90>,10.196078431372548 percent,18.03921568627451 percent,17.647058823529413 percent,-3.0 degree,0.0 count
222,2025-04-22 15:03:26,30.19607843137255 percent,14.901960784313726 percent,7.450980392156863 percent,96 kilopascal,bytearray(b'33920-66R0*'),13.523 volt,91 degree_Celsius,6.0 kilometer,0.0 kilometer,ELM327 v2.1,13.0 volt,43.529411764705884 percent,3.1372549019607843 percent,"('Closed loop, using oxygen sensor feedback to determine fuel mix', '')",[],[],48 kilopascal,80 degree_Celsius,9.375 percent,10000000000000000000000000000001,10000000000000000000100000000000,Unknown : 0.0 count [PASSED],Unknown : 0.0 millisecond [PASSED],"Unknown : 0.0 degree [PASSED]
Unknown : 0.0 degree [PASSED]",0.24 volt,0.715 volt,"((), (False, False, False, False), (False, False, True, True))",EOBD (Europe),0001000000000000000000000000000000000000,10111110001111101011100000010011,10000000000001011010000000000001,01101010110100000000000000000000,7.8431372549019605 percent,855.0 revolutions_per_minute,1798.0 second,1.5625 percent,0.0 kilometer_per_hour,<obd.OBDResponse.Status object at 0xf68eab90>,10.196078431372548 percent,18.03921568627451 percent,18.03921568627451 percent,-3.0 degree,0.0 count
223,2025-04-22 15:03:33,30.980392156862745 percent,14.901960784313726 percent,7.450980392156863 percent,96 kilopascal,bytearray(b'33920-66R0*'),13.546000000000001 volt,91 degree_Celsius,6.0 kilometer,0.0 kilometer,ELM327 v2.1,13.1 volt,42.745098039215684 percent,0.0 percent,"('Closed loop, using oxygen sensor feedback to determine fuel mix', '')",[],[],48 kilopascal,81 degree_Celsius,9.375 percent,10000000000000000000000000000001,10000000000000000000100000000000,Unknown : 0.0 count [PASSED],Unknown : 0.0 millisecond [PASSED],"Unknown : 0.0 degree [PASSED]
Unknown : 0.0 degree [PASSED]",0.145 volt,0.715 volt,"((), (False, False, False, False), (False, False, True, True))",EOBD (Europe),0001000000000000000000000000000000000000,10111110001111101011100000010011,10000000000001011010000000000001,01101010110100000000000000000000,7.8431372549019605 percent,872.5 revolutions_per_minute,1805.0 second,2.34375 percent,0.0 kilometer_per_hour,<obd.OBDResponse.Status object at 0xf68cf3b0>,10.196078431372548 percent,18.03921568627451 percent,18.03921568627451 percent,-4.0 degree,0.0 count
224,2025-04-22 15:03:40,30.980392156862745 percent,14.901960784313726 percent,7.450980392156863 percent,96 kilopascal,bytearray(b'33920-66R0*'),13.499 volt,91 degree_Celsius,6.0 kilometer,0.0 kilometer,ELM327 v2.1,13.0 volt,42.745098039215684 percent,0.0 percent,"('Closed loop, using oxygen sensor feedback to determine fuel mix', '')",[],[],48 kilopascal,81 degree_Celsius,9.375 percent,10000000000000000000000000000001,10000000000000000000100000000000,Unknown : 0.0 count [PASSED],Unknown : 0.0 millisecond [PASSED],"Unknown : 0.0 degree [PASSED]
Unknown : 0.0 degree [PASSED]",0.175 volt,0.71 volt,"((), (False, False, False, False), (False, False, True, True))",EOBD (Europe),0001000000000000000000000000000000000000,10111110001111101011100000010011,10000000000001011010000000000001,01101010110100000000000000000000,7.8431372549019605 percent,861.5 revolutions_per_minute,1812.0 second,0.78125 percent,0.0 kilometer_per_hour,<obd.OBDResponse.Status object at 0xf68ea130>,10.196078431372548 percent,18.03921568627451 percent,17.647058823529413 percent,-2.5 degree,0.0 count
225,2025-04-22 15:03:47,30.588235294117645 percent,14.509803921568627 percent,7.450980392156863 percent,96 kilopascal,bytearray(b'33920-66R0*'),13.64 volt,92 degree_Celsius,6.0 kilometer,0.0 kilometer,ELM327 v2.1,13.0 volt,42.745098039215684 percent,0.0 percent,"('Closed loop, using oxygen sensor feedback to determine fuel mix', '')",[],[],48 kilopascal,81 degree_Celsius,9.375 percent,10000000000000000000000000000001,10000000000000000000100000000000,Unknown : 0.0 count [PASSED],Unknown : 0.0 millisecond [PASSED],"Unknown : 0.0 degree [PASSED]
Unknown : 0.0 degree [PASSED]",0.09 volt,0.71 volt,"((), (False, False, False, False), (False, False, True, True))",EOBD (Europe),0001000000000000000000000000000000000000,10111110001111101011100000010011,10000000000001011010000000000001,01101010110100000000000000000000,7.8431372549019605 percent,859.5 revolutions_per_minute,1819.0 second,3.90625 percent,0.0 kilometer_per_hour,<obd.OBDResponse.Status object at 0xf68ead90>,10.196078431372548 percent,18.03921568627451 percent,18.03921568627451 percent,-3.0 degree,0.0 count
226,2025-04-22 15:03:54,30.980392156862745 percent,14.901960784313726 percent,7.450980392156863 percent,96 kilopascal,bytearray(b'33920-66R0*'),13.64 volt,91 degree_Celsius,6.0 kilometer,0.0 kilometer,ELM327 v2.1,13.5 volt,42.745098039215684 percent,0.0 percent,"('Closed loop, using oxygen sensor feedback to determine fuel mix', '')",[],[],48 kilopascal,81 degree_Celsius,9.375 percent,10000000000000000000000000000001,10000000000000000000100000000000,Unknown : 0.0 count [PASSED],Unknown : 0.0 millisecond [PASSED],"Unknown : 0.0 degree [PASSED]
Unknown : 0.0 degree [PASSED]",0.095 volt,0.71 volt,"((), (False, False, False, False), (False, False, True, True))",EOBD (Europe),0001000000000000000000000000000000000000,10111110001111101011100000010011,10000000000001011010000000000001,01101010110100000000000000000000,7.8431372549019605 percent,873.0 revolutions_per_minute,1826.0 second,2.34375 percent,0.0 kilometer_per_hour,<obd.OBDResponse.Status object at 0xf68eabf0>,10.196078431372548 percent,18.03921568627451 percent,18.03921568627451 percent,-3.0 degree,0.0 count
227,2025-04-22 15:04:01,30.588235294117645 percent,14.509803921568627 percent,7.450980392156863 percent,96 kilopascal,bytearray(b'33920-66R0*'),13.64 volt,91 degree_Celsius,6.0 kilometer,0.0 kilometer,ELM327 v2.1,13.3 volt,42.35294117647059 percent,0.0 percent,"('Closed loop, using oxygen sensor feedback to determine fuel mix', '')",[],[],47 kilopascal,81 degree_Celsius,9.375 percent,10000000000000000000000000000001,10000000000000000000100000000000,Unknown : 0.0 count [PASSED],Unknown : 0.0 millisecond [PASSED],"Unknown : 0.0 degree [PASSED]
Unknown : 0.0 degree [PASSED]",0.195 volt,0.71 volt,"((), (False, False, False, False), (False, False, True, True))",EOBD (Europe),0001000000000000000000000000000000000000,10111110001111101011100000010011,10000000000001011010000000000001,01101010110100000000000000000000,7.8431372549019605 percent,839.5 revolutions_per_minute,1833.0 second,0.78125 percent,0.0 kilometer_per_hour,<obd.OBDResponse.Status object at 0xf689e350>,10.196078431372548 percent,18.03921568627451 percent,17.647058823529413 percent,-3.0 degree,0.0 count
228,2025-04-22 15:04:08,30.19607843137255 percent,14.901960784313726 percent,7.450980392156863 percent,96 kilopascal,bytearray(b'33920-66R0*'),13.546000000000001 volt,91 degree_Celsius,6.0 kilometer,0.0 kilometer,ELM327 v2.1,13.5 volt,44.31372549019608 percent,3.1372549019607843 percent,"('Closed loop, using oxygen sensor feedback to determine fuel mix', '')",[],[],48 kilopascal,81 degree_Celsius,9.375 percent,10000000000000000000000000000001,10000000000000000000100000000000,Unknown : 0.0 count [PASSED],Unknown : 0.0 millisecond [PASSED],"Unknown : 0.0 degree [PASSED]
Unknown : 0.0 degree [PASSED]",0.685 volt,0.705 volt,"((), (False, False, False, False), (False, False, True, True))",EOBD (Europe),0001000000000000000000000000000000000000,10111110001111101011100000010011,10000000000001011010000000000001,01101010110100000000000000000000,7.8431372549019605 percent,843.5 revolutions_per_minute,1839.0 second,0.0 percent,0.0 kilometer_per_hour,<obd.OBDResponse.Status object at 0xf68eabf0>,10.196078431372548 percent,18.03921568627451 percent,17.647058823529413 percent,-1.0 degree,0.0 count
229,2025-04-22 15:04:15,30.588235294117645 percent,14.901960784313726 percent,7.450980392156863 percent,96 kilopascal,bytearray(b'33920-66R0*'),13.499 volt,91 degree_Celsius,6.0 kilometer,0.0 kilometer,ELM327 v2.1,13.0 volt,43.529411764705884 percent,2.7450980392156863 percent,"('Closed loop, using oxygen sensor feedback to determine fuel mix', '')",[],[],49 kilopascal,81 degree_Celsius,9.375 percent,10000000000000000000000000000001,10000000000000000000100000000000,Unknown : 0.0 count [PASSED],Unknown : 0.0 millisecond [PASSED],"Unknown : 0.0 degree [PASSED]
Unknown : 0.0 degree [PASSED]",0.09 volt,0.7 volt,"((), (False, False, False, False), (False, False, True, True))",EOBD (Europe),0001000000000000000000000000000000000000,10111110001111101011100000010011,10000000000001011010000000000001,01101010110100000000000000000000,7.8431372549019605 percent,851.0 revolutions_per_minute,1846.0 second,1.5625 percent,0.0 kilometer_per_hour,<obd.OBDResponse.Status object at 0xf68eab90>,10.196078431372548 percent,18.03921568627451 percent,18.03921568627451 percent,-1.5 degree,0.0 count
230,2025-04-22 15:04:22,30.980392156862745 percent,14.901960784313726 percent,7.450980392156863 percent,96 kilopascal,bytearray(b'33920-66R0*'),13.499 volt,91 degree_Celsius,6.0 kilometer,0.0 kilometer,ELM327 v2.1,13.1 volt,42.745098039215684 percent,2.3529411764705883 percent,"('Closed loop, using oxygen sensor feedback to determine fuel mix', '')",[],[],49 kilopascal,81 degree_Celsius,9.375 percent,10000000000000000000000000000001,10000000000000000000100000000000,Unknown : 0.0 count [PASSED],Unknown : 0.0 millisecond [PASSED],"Unknown : 0.0 degree [PASSED]
Unknown : 0.0 degree [PASSED]",0.06 volt,0.705 volt,"((), (False, False, False, False), (False, False, True, True))",EOBD (Europe),0001000000000000000000000000000000000000,10111110001111101011100000010011,10000000000001011010000000000001,01101010110100000000000000000000,8.235294117647058 percent,873.0 revolutions_per_minute,1853.0 second,1.5625 percent,0.0 kilometer_per_hour,<obd.OBDResponse.Status object at 0xf68866b0>,10.196078431372548 percent,18.03921568627451 percent,18.03921568627451 percent,-4.5 degree,0.0 count
231,2025-04-22 15:04:29,30.980392156862745 percent,14.901960784313726 percent,7.450980392156863 percent,96 kilopascal,bytearray(b'33920-66R0*'),13.57 volt,91 degree_Celsius,6.0 kilometer,0.0 kilometer,ELM327 v2.1,13.1 volt,43.529411764705884 percent,7.450980392156863 percent,"('Closed loop, using oxygen sensor feedback to determine fuel mix', '')",[],[],48 kilopascal,81 degree_Celsius,9.375 percent,10000000000000000000000000000001,10000000000000000000100000000000,Unknown : 0.0 count [PASSED],Unknown : 0.0 millisecond [PASSED],"Unknown : 0.0 degree [PASSED]
Unknown : 0.0 degree [PASSED]",0.11 volt,0.705 volt,"((), (False, False, False, False), (False, False, True, True))",EOBD (Europe),0001000000000000000000000000000000000000,10111110001111101011100000010011,10000000000001011010000000000001,01101010110100000000000000000000,7.8431372549019605 percent,844.5 revolutions_per_minute,1860.0 second,0.0 percent,0.0 kilometer_per_hour,<obd.OBDResponse.Status object at 0xf68eab50>,10.196078431372548 percent,18.03921568627451 percent,18.03921568627451 percent,-4.5 degree,0.0 count
232,2025-04-22 15:04:36,30.980392156862745 percent,14.901960784313726 percent,7.450980392156863 percent,96 kilopascal,bytearray(b'33920-66R0*'),13.499 volt,91 degree_Celsius,6.0 kilometer,0.0 kilometer,ELM327 v2.1,13.4 volt,43.529411764705884 percent,7.450980392156863 percent,"('Closed loop, using oxygen sensor feedback to determine fuel mix', '')",[],[],48 kilopascal,81 degree_Celsius,9.375 percent,10000000000000000000000000000001,10000000000000000000100000000000,Unknown : 0.0 count [PASSED],Unknown : 0.0 millisecond [PASSED],"Unknown : 0.0 degree [PASSED]
Unknown : 0.0 degree [PASSED]",0.725 volt,0.71 volt,"((), (False, False, False, False), (False, False, True, True))",EOBD (Europe),0001000000000000000000000000000000000000,10111110001111101011100000010011,10000000000001011010000000000001,01101010110100000000000000000000,7.8431372549019605 percent,853.5 revolutions_per_minute,1867.0 second,2.34375 percent,0.0 kilometer_per_hour,<obd.OBDResponse.Status object at 0xf68866b0>,10.196078431372548 percent,18.03921568627451 percent,18.03921568627451 percent,-4.0 degree,0.0 count
233,2025-04-22 15:04:43,31.372549019607842 percent,14.509803921568627 percent,7.450980392156863 percent,96 kilopascal,bytearray(b'33920-66R0*'),13.523 volt,91 degree_Celsius,6.0 kilometer,0.0 kilometer,ELM327 v2.1,13.1 volt,43.529411764705884 percent,7.450980392156863 percent,"('Closed loop, using oxygen sensor feedback to determine fuel mix', '')",[],[],48 kilopascal,81 degree_Celsius,9.375 percent,10000000000000000000000000000001,10000000000000000000100000000000,Unknown : 0.0 count [PASSED],Unknown : 0.0 millisecond [PASSED],"Unknown : 0.0 degree [PASSED]
Unknown : 0.0 degree [PASSED]",0.17 volt,0.705 volt,"((), (False, False, False, False), (False, False, True, True))",EOBD (Europe),0001000000000000000000000000000000000000,10111110001111101011100000010011,10000000000001011010000000000001,01101010110100000000000000000000,7.8431372549019605 percent,846.5 revolutions_per_minute,1874.0 second,0.78125 percent,0.0 kilometer_per_hour,<obd.OBDResponse.Status object at 0xf68eacd0>,10.196078431372548 percent,18.03921568627451 percent,18.03921568627451 percent,-4.0 degree,0.0 count
234,2025-04-22 15:04:50,30.980392156862745 percent,14.509803921568627 percent,7.450980392156863 percent,96 kilopascal,bytearray(b'33920-66R0*'),13.523 volt,92 degree_Celsius,6.0 kilometer,0.0 kilometer,ELM327 v2.1,13.0 volt,43.13725490196079 percent,2.3529411764705883 percent,"('Closed loop, using oxygen sensor feedback to determine fuel mix', '')",[],[],49 kilopascal,81 degree_Celsius,9.375 percent,10000000000000000000000000000001,10000000000000000000100000000000,Unknown : 0.0 count [PASSED],Unknown : 0.0 millisecond [PASSED],"Unknown : 0.0 degree [PASSED]
Unknown : 0.0 degree [PASSED]",0.07 volt,0.675 volt,"((), (False, False, False, False), (False, False, True, True))",EOBD (Europe),0001000000000000000000000000000000000000,10111110001111101011100000010011,10000000000001011010000000000001,01101010110100000000000000000000,7.8431372549019605 percent,868.5 revolutions_per_minute,1881.0 second,3.125 percent,0.0 kilometer_per_hour,<obd.OBDResponse.Status object at 0xf6886610>,10.196078431372548 percent,18.03921568627451 percent,17.647058823529413 percent,-3.0 degree,0.0 count
235,2025-04-22 15:04:57,30.980392156862745 percent,14.509803921568627 percent,7.450980392156863 percent,96 kilopascal,bytearray(b'33920-66R0*'),13.546000000000001 volt,92 degree_Celsius,6.0 kilometer,0.0 kilometer,ELM327 v2.1,13.5 volt,43.13725490196079 percent,5.490196078431373 percent,"('Closed loop, using oxygen sensor feedback to determine fuel mix', '')",[],[],47 kilopascal,81 degree_Celsius,9.375 percent,10000000000000000000000000000001,10000000000000000000100000000000,Unknown : 0.0 count [PASSED],Unknown : 0.0 millisecond [PASSED],"Unknown : 0.0 degree [PASSED]
Unknown : 0.0 degree [PASSED]",0.82 volt,0.705 volt,"((), (False, False, False, False), (False, False, True, True))",EOBD (Europe),0001000000000000000000000000000000000000,10111110001111101011100000010011,10000000000001011010000000000001,01101010110100000000000000000000,7.8431372549019605 percent,853.5 revolutions_per_minute,1888.0 second,4.6875 percent,0.0 kilometer_per_hour,<obd.OBDResponse.Status object at 0xf68ea130>,10.196078431372548 percent,18.03921568627451 percent,18.03921568627451 percent,-4.5 degree,0.0 count
236,2025-04-22 15:05:04,30.588235294117645 percent,14.901960784313726 percent,7.450980392156863 percent,96 kilopascal,bytearray(b'33920-66R0*'),13.664 volt,92 degree_Celsius,6.0 kilometer,0.0 kilometer,ELM327 v2.1,13.1 volt,43.13725490196079 percent,0.0 percent,"('Closed loop, using oxygen sensor feedback to determine fuel mix', '')",[],[],47 kilopascal,81 degree_Celsius,9.375 percent,10000000000000000000000000000001,10000000000000000000100000000000,Unknown : 0.0 count [PASSED],Unknown : 0.0 millisecond [PASSED],"Unknown : 0.0 degree [PASSED]
Unknown : 0.0 degree [PASSED]",0.53 volt,0.7 volt,"((), (False, False, False, False), (False, False, True, True))",EOBD (Europe),0001000000000000000000000000000000000000,10111110001111101011100000010011,10000000000001011010000000000001,01101010110100000000000000000000,7.8431372549019605 percent,861.0 revolutions_per_minute,1895.0 second,5.46875 percent,0.0 kilometer_per_hour,<obd.OBDResponse.Status object at 0xf6886290>,10.196078431372548 percent,18.03921568627451 percent,18.03921568627451 percent,-4.5 degree,0.0 count
237,2025-04-22 15:05:11,30.588235294117645 percent,14.901960784313726 percent,7.450980392156863 percent,96 kilopascal,bytearray(b'33920-66R0*'),13.593 volt,92 degree_Celsius,6.0 kilometer,0.0 kilometer,ELM327 v2.1,13.1 volt,43.13725490196079 percent,5.490196078431373 percent,"('Closed loop, using oxygen sensor feedback to determine fuel mix', '')",[],[],47 kilopascal,81 degree_Celsius,9.375 percent,10000000000000000000000000000001,10000000000000000000100000000000,Unknown : 0.0 count [PASSED],Unknown : 0.0 millisecond [PASSED],"Unknown : 0.0 degree [PASSED]
Unknown : 0.0 degree [PASSED]",0.82 volt,0.71 volt,"((), (False, False, False, False), (False, False, True, True))",EOBD (Europe),0001000000000000000000000000000000000000,10111110001111101011100000010011,10000000000001011010000000000001,01101010110100000000000000000000,7.8431372549019605 percent,851.0 revolutions_per_minute,1902.0 second,4.6875 percent,0.0 kilometer_per_hour,<obd.OBDResponse.Status object at 0xf68eacd0>,10.196078431372548 percent,18.03921568627451 percent,18.03921568627451 percent,-5.5 degree,0.0 count
238,2025-04-22 15:05:18,30.588235294117645 percent,14.901960784313726 percent,7.450980392156863 percent,96 kilopascal,bytearray(b'33920-66R0*'),13.523 volt,92 degree_Celsius,6.0 kilometer,0.0 kilometer,ELM327 v2.1,13.4 volt,44.31372549019608 percent,3.1372549019607843 percent,"('Closed loop, using oxygen sensor feedback to determine fuel mix', '')",[],[],49 kilopascal,81 degree_Celsius,9.375 percent,10000000000000000000000000000001,10000000000000000000100000000000,Unknown : 0.0 count [PASSED],Unknown : 0.0 millisecond [PASSED],"Unknown : 0.0 degree [PASSED]
Unknown : 0.0 degree [PASSED]",0.07 volt,0.705 volt,"((), (False, False, False, False), (False, False, True, True))",EOBD (Europe),0001000000000000000000000000000000000000,10111110001111101011100000010011,10000000000001011010000000000001,01101010110100000000000000000000,7.8431372549019605 percent,853.0 revolutions_per_minute,1909.0 second,-0.78125 percent,0.0 kilometer_per_hour,<obd.OBDResponse.Status object at 0xf68cd530>,10.196078431372548 percent,18.03921568627451 percent,18.03921568627451 percent,-1.5 degree,0.0 count
239,2025-04-22 15:05:25,31.764705882352942 percent,14.901960784313726 percent,7.450980392156863 percent,96 kilopascal,bytearray(b'33920-66R0*'),13.593 volt,92 degree_Celsius,6.0 kilometer,0.0 kilometer,ELM327 v2.1,13.1 volt,43.529411764705884 percent,6.666666666666667 percent,"('Closed loop, using oxygen sensor feedback to determine fuel mix', '')",[],[],48 kilopascal,81 degree_Celsius,9.375 percent,10000000000000000000000000000001,10000000000000000000100000000000,Unknown : 0.0 count [PASSED],Unknown : 0.0 millisecond [PASSED],"Unknown : 0.0 degree [PASSED]
Unknown : 0.0 degree [PASSED]",0.845 volt,0.71 volt,"((), (False, False, False, False), (False, False, True, True))",EOBD (Europe),0001000000000000000000000000000000000000,10111110001111101011100000010011,10000000000001011010000000000001,01101010110100000000000000000000,7.8431372549019605 percent,842.0 revolutions_per_minute,1916.0 second,-1.5625 percent,0.0 kilometer_per_hour,<obd.OBDResponse.Status object at 0xf68eab50>,10.196078431372548 percent,18.03921568627451 percent,18.03921568627451 percent,-3.0 degree,0.0 count
240,2025-04-22 15:05:31,31.372549019607842 percent,14.901960784313726 percent,7.450980392156863 percent,96 kilopascal,bytearray(b'33920-66R0*'),13.428 volt,92 degree_Celsius,6.0 kilometer,0.0 kilometer,ELM327 v2.1,13.2 volt,43.92156862745098 percent,7.450980392156863 percent,"('Closed loop, using oxygen sensor feedback to determine fuel mix', '')",[],[],48 kilopascal,81 degree_Celsius,9.375 percent,10000000000000000000000000000001,10000000000000000000100000000000,Unknown : 0.0 count [PASSED],Unknown : 0.0 millisecond [PASSED],"Unknown : 0.0 degree [PASSED]
Unknown : 0.0 degree [PASSED]",0.34 volt,0.71 volt,"((), (False, False, False, False), (False, False, True, True))",EOBD (Europe),0001000000000000000000000000000000000000,10111110001111101011100000010011,10000000000001011010000000000001,01101010110100000000000000000000,8.235294117647058 percent,869.0 revolutions_per_minute,1923.0 second,-3.90625 percent,0.0 kilometer_per_hour,<obd.OBDResponse.Status object at 0xf68861d0>,10.196078431372548 percent,18.03921568627451 percent,18.03921568627451 percent,-4.0 degree,0.0 count
241,2025-04-22 15:05:38,30.980392156862745 percent,14.901960784313726 percent,7.450980392156863 percent,96 kilopascal,bytearray(b'33920-66R0*'),13.57 volt,92 degree_Celsius,6.0 kilometer,0.0 kilometer,ELM327 v2.1,13.1 volt,43.92156862745098 percent,7.450980392156863 percent,"('Closed loop, using oxygen sensor feedback to determine fuel mix', '')",[],[],48 kilopascal,81 degree_Celsius,9.375 percent,10000000000000000000000000000001,10000000000000000000100000000000,Unknown : 0.0 count [PASSED],Unknown : 0.0 millisecond [PASSED],"Unknown : 0.0 degree [PASSED]
Unknown : 0.0 degree [PASSED]",0.79 volt,0.71 volt,"((), (False, False, False, False), (False, False, True, True))",EOBD (Europe),0001000000000000000000000000000000000000,10111110001111101011100000010011,10000000000001011010000000000001,01101010110100000000000000000000,7.8431372549019605 percent,862.0 revolutions_per_minute,1930.0 second,2.34375 percent,0.0 kilometer_per_hour,<obd.OBDResponse.Status object at 0xf68eabf0>,10.196078431372548 percent,18.03921568627451 percent,18.03921568627451 percent,-4.0 degree,0.0 count
242,2025-04-22 15:05:45,30.980392156862745 percent,14.901960784313726 percent,7.450980392156863 percent,96 kilopascal,bytearray(b'33920-66R0*'),13.523 volt,92 degree_Celsius,6.0 kilometer,0.0 kilometer,ELM327 v2.1,13.1 volt,44.31372549019608 percent,7.450980392156863 percent,"('Closed loop, using oxygen sensor feedback to determine fuel mix', '')",[],[],48 kilopascal,81 degree_Celsius,9.375 percent,10000000000000000000000000000001,10000000000000000000100000000000,Unknown : 0.0 count [PASSED],Unknown : 0.0 millisecond [PASSED],"Unknown : 0.0 degree [PASSED]
Unknown : 0.0 degree [PASSED]",0.725 volt,0.71 volt,"((), (False, False, False, False), (False, False, True, True))",EOBD (Europe),0001000000000000000000000000000000000000,10111110001111101011100000010011,10000000000001011010000000000001,01101010110100000000000000000000,8.235294117647058 percent,868.0 revolutions_per_minute,1937.0 second,-3.125 percent,0.0 kilometer_per_hour,<obd.OBDResponse.Status object at 0xf68eacd0>,10.196078431372548 percent,18.03921568627451 percent,18.03921568627451 percent,-4.0 degree,0.0 count
243,2025-04-22 15:05:52,31.372549019607842 percent,14.509803921568627 percent,7.450980392156863 percent,96 kilopascal,bytearray(b'33920-66R0*'),13.499 volt,92 degree_Celsius,6.0 kilometer,0.0 kilometer,ELM327 v2.1,13.1 volt,43.92156862745098 percent,7.450980392156863 percent,"('Closed loop, using oxygen sensor feedback to determine fuel mix', '')",[],[],48 kilopascal,81 degree_Celsius,9.375 percent,10000000000000000000000000000001,10000000000000000000100000000000,Unknown : 0.0 count [PASSED],Unknown : 0.0 millisecond [PASSED],"Unknown : 0.0 degree [PASSED]
Unknown : 0.0 degree [PASSED]",0.08 volt,0.7 volt,"((), (False, False, False, False), (False, False, True, True))",EOBD (Europe),0001000000000000000000000000000000000000,10111110001111101011100000010011,10000000000001011010000000000001,01101010110100000000000000000000,7.8431372549019605 percent,859.5 revolutions_per_minute,1943.0 second,-3.125 percent,0.0 kilometer_per_hour,<obd.OBDResponse.Status object at 0xf6886610>,10.196078431372548 percent,18.03921568627451 percent,18.03921568627451 percent,-3.0 degree,0.0 count
244,2025-04-22 15:05:59,30.980392156862745 percent,14.901960784313726 percent,7.450980392156863 percent,96 kilopascal,bytearray(b'33920-66R0*'),13.523 volt,92 degree_Celsius,6.0 kilometer,0.0 kilometer,ELM327 v2.1,13.0 volt,43.92156862745098 percent,7.450980392156863 percent,"('Closed loop, using oxygen sensor feedback to determine fuel mix', '')",[],[],49 kilopascal,81 degree_Celsius,9.375 percent,10000000000000000000000000000001,10000000000000000000100000000000,Unknown : 0.0 count [PASSED],Unknown : 0.0 millisecond [PASSED],"Unknown : 0.0 degree [PASSED]
Unknown : 0.0 degree [PASSED]",0.64 volt,0.71 volt,"((), (False, False, False, False), (False, False, True, True))",EOBD (Europe),0001000000000000000000000000000000000000,10111110001111101011100000010011,10000000000001011010000000000001,01101010110100000000000000000000,7.8431372549019605 percent,867.0 revolutions_per_minute,1950.0 second,-3.90625 percent,0.0 kilometer_per_hour,<obd.OBDResponse.Status object at 0xf68eacd0>,10.196078431372548 percent,18.03921568627451 percent,18.03921568627451 percent,-3.0 degree,0.0 count
245,2025-04-22 15:06:06,30.588235294117645 percent,14.901960784313726 percent,7.450980392156863 percent,96 kilopascal,bytearray(b'33920-66R0*'),13.57 volt,92 degree_Celsius,6.0 kilometer,0.0 kilometer,ELM327 v2.1,13.3 volt,43.13725490196079 percent,7.450980392156863 percent,"('Closed loop, using oxygen sensor feedback to determine fuel mix', '')",[],[],48 kilopascal,81 degree_Celsius,9.375 percent,10000000000000000000000000000001,10000000000000000000100000000000,Unknown : 0.0 count [PASSED],Unknown : 0.0 millisecond [PASSED],"Unknown : 0.0 degree [PASSED]
Unknown : 0.0 degree [PASSED]",0.315 volt,0.705 volt,"((), (False, False, False, False), (False, False, True, True))",EOBD (Europe),0001000000000000000000000000000000000000,10111110001111101011100000010011,10000000000001011010000000000001,01101010110100000000000000000000,7.8431372549019605 percent,833.5 revolutions_per_minute,1957.0 second,1.5625 percent,0.0 kilometer_per_hour,<obd.OBDResponse.Status object at 0xf68862f0>,10.196078431372548 percent,18.03921568627451 percent,18.03921568627451 percent,-4.0 degree,0.0 count
246,2025-04-22 15:06:13,30.980392156862745 percent,14.901960784313726 percent,7.450980392156863 percent,96 kilopascal,bytearray(b'33920-66R0*'),13.523 volt,92 degree_Celsius,6.0 kilometer,0.0 kilometer,ELM327 v2.1,13.1 volt,43.529411764705884 percent,7.450980392156863 percent,"('Closed loop, using oxygen sensor feedback to determine fuel mix', '')",[],[],48 kilopascal,81 degree_Celsius,9.375 percent,10000000000000000000000000000001,10000000000000000000100000000000,Unknown : 0.0 count [PASSED],Unknown : 0.0 millisecond [PASSED],"Unknown : 0.0 degree [PASSED]
Unknown : 0.0 degree [PASSED]",0.09 volt,0.705 volt,"((), (False, False, False, False), (False, False, True, True))",EOBD (Europe),0001000000000000000000000000000000000000,10111110001111101011100000010011,10000000000001011010000000000001,01101010110100000000000000000000,7.8431372549019605 percent,852.5 revolutions_per_minute,1964.0 second,-0.78125 percent,0.0 kilometer_per_hour,<obd.OBDResponse.Status object at 0xf689ec30>,10.196078431372548 percent,18.03921568627451 percent,18.03921568627451 percent,-3.0 degree,0.0 count
247,2025-04-22 15:06:20,30.588235294117645 percent,14.901960784313726 percent,7.450980392156863 percent,96 kilopascal,bytearray(b'33920-66R0*'),13.546000000000001 volt,92 degree_Celsius,6.0 kilometer,0.0 kilometer,ELM327 v2.1,13.1 volt,43.92156862745098 percent,4.313725490196078 percent,"('Closed loop, using oxygen sensor feedback to determine fuel mix', '')",[],[],48 kilopascal,81 degree_Celsius,9.375 percent,10000000000000000000000000000001,10000000000000000000100000000000,Unknown : 0.0 count [PASSED],Unknown : 0.0 millisecond [PASSED],"Unknown : 0.0 degree [PASSED]
Unknown : 0.0 degree [PASSED]",0.875 volt,0.71 volt,"((), (False, False, False, False), (False, False, True, True))",EOBD (Europe),0001000000000000000000000000000000000000,10111110001111101011100000010011,10000000000001011010000000000001,01101010110100000000000000000000,7.8431372549019605 percent,852.5 revolutions_per_minute,1971.0 second,-0.78125 percent,0.0 kilometer_per_hour,<obd.OBDResponse.Status object at 0xf6886290>,10.196078431372548 percent,18.03921568627451 percent,17.647058823529413 percent,-2.5 degree,0.0 count
248,2025-04-22 15:06:27,30.588235294117645 percent,14.901960784313726 percent,7.450980392156863 percent,96 kilopascal,bytearray(b'33920-66R0*'),13.57 volt,92 degree_Celsius,6.0 kilometer,0.0 kilometer,ELM327 v2.1,13.1 volt,44.31372549019608 percent,4.313725490196078 percent,"('Closed loop, using oxygen sensor feedback to determine fuel mix', '')",[],[],49 kilopascal,81 degree_Celsius,9.375 percent,10000000000000000000000000000001,10000000000000000000100000000000,Unknown : 0.0 count [PASSED],Unknown : 0.0 millisecond [PASSED],"Unknown : 0.0 degree [PASSED]
Unknown : 0.0 degree [PASSED]",0.86 volt,0.71 volt,"((), (False, False, False, False), (False, False, True, True))",EOBD (Europe),0001000000000000000000000000000000000000,10111110001111101011100000010011,10000000000001011010000000000001,01101010110100000000000000000000,7.8431372549019605 percent,855.5 revolutions_per_minute,1978.0 second,-0.78125 percent,0.0 kilometer_per_hour,<obd.OBDResponse.Status object at 0xf68ead90>,10.196078431372548 percent,18.03921568627451 percent,18.03921568627451 percent,-2.5 degree,0.0 count
249,2025-04-22 15:06:33,30.980392156862745 percent,14.901960784313726 percent,7.450980392156863 percent,96 kilopascal,bytearray(b'33920-66R0*'),13.57 volt,92 degree_Celsius,6.0 kilometer,0.0 kilometer,ELM327 v2.1,13.1 volt,43.529411764705884 percent,7.450980392156863 percent,"('Closed loop, using oxygen sensor feedback to determine fuel mix', '')",[],[],48 kilopascal,81 degree_Celsius,9.375 percent,10000000000000000000000000000001,10000000000000000000100000000000,Unknown : 0.0 count [PASSED],Unknown : 0.0 millisecond [PASSED],"Unknown : 0.0 degree [PASSED]
Unknown : 0.0 degree [PASSED]",0.1 volt,0.7 volt,"((), (False, False, False, False), (False, False, True, True))",EOBD (Europe),0001000000000000000000000000000000000000,10111110001111101011100000010011,10000000000001011010000000000001,01101010110100000000000000000000,7.8431372549019605 percent,852.0 revolutions_per_minute,1985.0 second,-0.78125 percent,0.0 kilometer_per_hour,<obd.OBDResponse.Status object at 0xf68861d0>,10.196078431372548 percent,18.03921568627451 percent,18.03921568627451 percent,-3.0 degree,0.0 count
250,2025-04-22 15:06:40,30.980392156862745 percent,14.901960784313726 percent,7.450980392156863 percent,96 kilopascal,bytearray(b'33920-66R0*'),13.428 volt,92 degree_Celsius,6.0 kilometer,0.0 kilometer,ELM327 v2.1,13.1 volt,43.529411764705884 percent,7.450980392156863 percent,"('Closed loop, using oxygen sensor feedback to determine fuel mix', '')",[],[],48 kilopascal,82 degree_Celsius,9.375 percent,10000000000000000000000000000001,10000000000000000000100000000000,Unknown : 0.0 count [PASSED],Unknown : 0.0 millisecond [PASSED],"Unknown : 0.0 degree [PASSED]
Unknown : 0.0 degree [PASSED]",0.105 volt,0.7 volt,"((), (False, False, False, False), (False, False, True, True))",EOBD (Europe),0001000000000000000000000000000000000000,10111110001111101011100000010011,10000000000001011010000000000001,01101010110100000000000000000000,7.8431372549019605 percent,847.5 revolutions_per_minute,1992.0 second,-0.78125 percent,0.0 kilometer_per_hour,<obd.OBDResponse.Status object at 0xf68eab50>,10.196078431372548 percent,18.03921568627451 percent,18.03921568627451 percent,-3.0 degree,0.0 count
251,2025-04-22 15:06:47,30.588235294117645 percent,14.901960784313726 percent,7.450980392156863 percent,96 kilopascal,bytearray(b'33920-66R0*'),13.523 volt,92 degree_Celsius,6.0 kilometer,0.0 kilometer,ELM327 v2.1,13.4 volt,N/A,7.450980392156863 percent,"('Closed loop, using oxygen sensor feedback to determine fuel mix', '')",[],[],48 kilopascal,82 degree_Celsius,9.375 percent,10000000000000000000000000000001,10000000000000000000100000000000,Unknown : 0.0 count [PASSED],Unknown : 0.0 millisecond [PASSED],"Unknown : 0.0 degree [PASSED]
Unknown : 0.0 degree [PASSED]",0.52 volt,0.7 volt,"((), (False, False, False, False), (False, False, True, True))",EOBD (Europe),0001000000000000000000000000000000000000,10111110001111101011100000010011,10000000000001011010000000000001,01101010110100000000000000000000,7.8431372549019605 percent,860.5 revolutions_per_minute,1999.0 second,0.0 percent,0.0 kilometer_per_hour,<obd.OBDResponse.Status object at 0xf689e710>,10.196078431372548 percent,18.03921568627451 percent,18.03921568627451 percent,-4.0 degree,0.0 count
252,2025-04-22 15:06:54,30.588235294117645 percent,14.901960784313726 percent,7.450980392156863 percent,96 kilopascal,bytearray(b'33920-66R0*'),13.523 volt,92 degree_Celsius,6.0 kilometer,0.0 kilometer,ELM327 v2.1,13.4 volt,43.92156862745098 percent,7.8431372549019605 percent,"('Closed loop, using oxygen sensor feedback to determine fuel mix', '')",[],[],48 kilopascal,82 degree_Celsius,9.375 percent,10000000000000000000000000000001,10000000000000000000100000000000,Unknown : 0.0 count [PASSED],Unknown : 0.0 millisecond [PASSED],"Unknown : 0.0 degree [PASSED]
Unknown : 0.0 degree [PASSED]",0.805 volt,0.705 volt,"((), (False, False, False, False), (False, False, True, True))",EOBD (Europe),0001000000000000000000000000000000000000,10111110001111101011100000010011,10000000000001011010000000000001,01101010110100000000000000000000,7.8431372549019605 percent,865.0 revolutions_per_minute,2006.0 second,2.34375 percent,0.0 kilometer_per_hour,<obd.OBDResponse.Status object at 0xf68ead90>,10.196078431372548 percent,18.03921568627451 percent,18.03921568627451 percent,-4.0 degree,0.0 count
253,2025-04-22 15:07:01,30.588235294117645 percent,14.901960784313726 percent,7.450980392156863 percent,96 kilopascal,bytearray(b'33920-66R0*'),13.57 volt,92 degree_Celsius,6.0 kilometer,0.0 kilometer,ELM327 v2.1,13.0 volt,43.92156862745098 percent,7.8431372549019605 percent,"('Closed loop, using oxygen sensor feedback to determine fuel mix', '')",[],[],48 kilopascal,82 degree_Celsius,9.375 percent,10000000000000000000000000000001,10000000000000000000100000000000,Unknown : 0.0 count [PASSED],Unknown : 0.0 millisecond [PASSED],"Unknown : 0.0 degree [PASSED]
Unknown : 0.0 degree [PASSED]",0.81 volt,0.705 volt,"((), (False, False, False, False), (False, False, True, True))",EOBD (Europe),0001000000000000000000000000000000000000,10111110001111101011100000010011,10000000000001011010000000000001,01101010110100000000000000000000,7.8431372549019605 percent,856.5 revolutions_per_minute,2013.0 second,1.5625 percent,0.0 kilometer_per_hour,<obd.OBDResponse.Status object at 0xf68861d0>,10.196078431372548 percent,18.03921568627451 percent,18.03921568627451 percent,-4.0 degree,0.0 count
254,2025-04-22 15:07:08,30.980392156862745 percent,14.901960784313726 percent,7.450980392156863 percent,96 kilopascal,bytearray(b'33920-66R0*'),13.57 volt,92 degree_Celsius,6.0 kilometer,0.0 kilometer,ELM327 v2.1,13.3 volt,43.529411764705884 percent,7.450980392156863 percent,"('Closed loop, using oxygen sensor feedback to determine fuel mix', '')",[],[],49 kilopascal,82 degree_Celsius,9.375 percent,10000000000000000000000000000001,10000000000000000000100000000000,Unknown : 0.0 count [PASSED],Unknown : 0.0 millisecond [PASSED],"Unknown : 0.0 degree [PASSED]
Unknown : 0.0 degree [PASSED]",0.155 volt,0.7 volt,"((), (False, False, False, False), (False, False, True, True))",EOBD (Europe),0001000000000000000000000000000000000000,10111110001111101011100000010011,10000000000001011010000000000001,01101010110100000000000000000000,7.8431372549019605 percent,841.5 revolutions_per_minute,2020.0 second,0.78125 percent,0.0 kilometer_per_hour,<obd.OBDResponse.Status object at 0xf68eab50>,10.196078431372548 percent,18.03921568627451 percent,18.03921568627451 percent,-4.0 degree,0.0 count
255,2025-04-22 15:07:15,30.980392156862745 percent,14.901960784313726 percent,7.450980392156863 percent,96 kilopascal,bytearray(b'33920-66R0*'),13.499 volt,92 degree_Celsius,6.0 kilometer,0.0 kilometer,ELM327 v2.1,13.0 volt,43.529411764705884 percent,7.8431372549019605 percent,"('Closed loop, using oxygen sensor feedback to determine fuel mix', '')",[],[],48 kilopascal,82 degree_Celsius,9.375 percent,10000000000000000000000000000001,10000000000000000000100000000000,Unknown : 0.0 count [PASSED],Unknown : 0.0 millisecond [PASSED],"Unknown : 0.0 degree [PASSED]
Unknown : 0.0 degree [PASSED]",0.81 volt,0.7 volt,"((), (False, False, False, False), (False, False, True, True))",EOBD (Europe),0001000000000000000000000000000000000000,10111110001111101011100000010011,10000000000001011010000000000001,01101010110100000000000000000000,7.8431372549019605 percent,869.0 revolutions_per_minute,2027.0 second,1.5625 percent,0.0 kilometer_per_hour,<obd.OBDResponse.Status object at 0xf689e990>,10.196078431372548 percent,18.03921568627451 percent,18.03921568627451 percent,-5.5 degree,0.0 count
256,2025-04-22 15:07:22,30.980392156862745 percent,14.901960784313726 percent,7.450980392156863 percent,96 kilopascal,bytearray(b'33920-66R0*'),13.593 volt,92 degree_Celsius,6.0 kilometer,0.0 kilometer,ELM327 v2.1,13.0 volt,43.529411764705884 percent,7.8431372549019605 percent,"('Closed loop, using oxygen sensor feedback to determine fuel mix', '')",[],[],48 kilopascal,82 degree_Celsius,9.375 percent,10000000000000000000000000000001,10000000000000000000100000000000,Unknown : 0.0 count [PASSED],Unknown : 0.0 millisecond [PASSED],"Unknown : 0.0 degree [PASSED]
Unknown : 0.0 degree [PASSED]",0.8 volt,0.7 volt,"((), (False, False, False, False), (False, False, True, True))",EOBD (Europe),0001000000000000000000000000000000000000,10111110001111101011100000010011,10000000000001011010000000000001,01101010110100000000000000000000,7.8431372549019605 percent,852.0 revolutions_per_minute,2034.0 second,2.34375 percent,0.0 kilometer_per_hour,<obd.OBDResponse.Status object at 0xf68eacd0>,10.196078431372548 percent,18.03921568627451 percent,18.03921568627451 percent,-3.0 degree,0.0 count
257,2025-04-22 15:07:29,30.980392156862745 percent,14.901960784313726 percent,7.450980392156863 percent,96 kilopascal,bytearray(b'33920-66R0*'),13.664 volt,92 degree_Celsius,6.0 kilometer,0.0 kilometer,ELM327 v2.1,13.4 volt,43.529411764705884 percent,6.2745098039215685 percent,"('Closed loop, using oxygen sensor feedback to determine fuel mix', '')",[],[],48 kilopascal,82 degree_Celsius,9.375 percent,10000000000000000000000000000001,10000000000000000000100000000000,Unknown : 0.0 count [PASSED],Unknown : 0.0 millisecond [PASSED],"Unknown : 0.0 degree [PASSED]
Unknown : 0.0 degree [PASSED]",0.875 volt,0.71 volt,"((), (False, False, False, False), (False, False, True, True))",EOBD (Europe),0001000000000000000000000000000000000000,10111110001111101011100000010011,10000000000001011010000000000001,01101010110100000000000000000000,7.8431372549019605 percent,832.5 revolutions_per_minute,2041.0 second,0.0 percent,0.0 kilometer_per_hour,<obd.OBDResponse.Status object at 0xf68eab90>,10.196078431372548 percent,18.03921568627451 percent,18.03921568627451 percent,-2.5 degree,0.0 count
258,2025-04-22 15:07:36,30.980392156862745 percent,14.901960784313726 percent,7.450980392156863 percent,96 kilopascal,bytearray(b'33920-66R0*'),13.523 volt,92 degree_Celsius,6.0 kilometer,0.0 kilometer,ELM327 v2.1,13.1 volt,43.529411764705884 percent,7.8431372549019605 percent,"('Closed loop, using oxygen sensor feedback to determine fuel mix', '')",[],[],48 kilopascal,82 degree_Celsius,9.375 percent,10000000000000000000000000000001,10000000000000000000100000000000,Unknown : 0.0 count [PASSED],Unknown : 0.0 millisecond [PASSED],"Unknown : 0.0 degree [PASSED]
Unknown : 0.0 degree [PASSED]",0.81 volt,0.705 volt,"((), (False, False, False, False), (False, False, True, True))",EOBD (Europe),0001000000000000000000000000000000000000,10111110001111101011100000010011,10000000000001011010000000000001,01101010110100000000000000000000,7.8431372549019605 percent,836.0 revolutions_per_minute,2048.0 second,0.78125 percent,0.0 kilometer_per_hour,<obd.OBDResponse.Status object at 0xf6886290>,10.196078431372548 percent,18.03921568627451 percent,18.03921568627451 percent,-5.5 degree,0.0 count
259,2025-04-22 15:07:43,30.980392156862745 percent,14.901960784313726 percent,7.450980392156863 percent,96 kilopascal,bytearray(b'33920-66R0*'),13.428 volt,92 degree_Celsius,6.0 kilometer,0.0 kilometer,ELM327 v2.1,13.0 volt,42.745098039215684 percent,0.0 percent,"('Closed loop, using oxygen sensor feedback to determine fuel mix', '')",[],[],49 kilopascal,82 degree_Celsius,9.375 percent,10000000000000000000000000000001,10000000000000000000100000000000,Unknown : 0.0 count [PASSED],Unknown : 0.0 millisecond [PASSED],"Unknown : 0.0 degree [PASSED]
Unknown : 0.0 degree [PASSED]",0.06 volt,0.595 volt,"((), (False, False, False, False), (False, False, True, True))",EOBD (Europe),0001000000000000000000000000000000000000,10111110001111101011100000010011,10000000000001011010000000000001,01101010110100000000000000000000,8.235294117647058 percent,880.5 revolutions_per_minute,2055.0 second,4.6875 percent,0.0 kilometer_per_hour,<obd.OBDResponse.Status object at 0xf6886610>,10.196078431372548 percent,18.03921568627451 percent,18.03921568627451 percent,-5.5 degree,0.0 count
260,2025-04-22 15:07:50,30.588235294117645 percent,14.901960784313726 percent,7.450980392156863 percent,96 kilopascal,bytearray(b'33920-66R0*'),13.64 volt,92 degree_Celsius,6.0 kilometer,0.0 kilometer,ELM327 v2.1,13.2 volt,43.529411764705884 percent,7.8431372549019605 percent,"('Closed loop, using oxygen sensor feedback to determine fuel mix', '')",[],[],48 kilopascal,82 degree_Celsius,9.375 percent,10000000000000000000000000000001,10000000000000000000100000000000,Unknown : 0.0 count [PASSED],Unknown : 0.0 millisecond [PASSED],"Unknown : 0.0 degree [PASSED]
Unknown : 0.0 degree [PASSED]",0.79 volt,0.7 volt,"((), (False, False, False, False), (False, False, True, True))",EOBD (Europe),0001000000000000000000000000000000000000,10111110001111101011100000010011,10000000000001011010000000000001,01101010110100000000000000000000,7.8431372549019605 percent,852.5 revolutions_per_minute,2061.0 second,-0.78125 percent,0.0 kilometer_per_hour,<obd.OBDResponse.Status object at 0xf68eab90>,10.196078431372548 percent,18.03921568627451 percent,18.03921568627451 percent,-3.0 degree,0.0 count
261,2025-04-22 15:07:57,31.764705882352942 percent,14.901960784313726 percent,7.450980392156863 percent,96 kilopascal,bytearray(b'33920-66R0*'),13.523 volt,92 degree_Celsius,6.0 kilometer,0.0 kilometer,ELM327 v2.1,13.2 volt,44.705882352941174 percent,8.235294117647058 percent,"('Closed loop, using oxygen sensor feedback to determine fuel mix', '')",[],[],49 kilopascal,82 degree_Celsius,9.375 percent,10000000000000000000000000000001,10000000000000000000100000000000,Unknown : 0.0 count [PASSED],Unknown : 0.0 millisecond [PASSED],"Unknown : 0.0 degree [PASSED]
Unknown : 0.0 degree [PASSED]",0.775 volt,0.7 volt,"((), (False, False, False, False), (False, False, True, True))",EOBD (Europe),0001000000000000000000000000000000000000,10111110001111101011100000010011,10000000000001011010000000000001,01101010110100000000000000000000,7.8431372549019605 percent,860.0 revolutions_per_minute,2068.0 second,0.0 percent,0.0 kilometer_per_hour,<obd.OBDResponse.Status object at 0xf68861d0>,10.196078431372548 percent,18.03921568627451 percent,18.03921568627451 percent,-4.0 degree,0.0 count
262,2025-04-22 15:08:04,30.980392156862745 percent,14.901960784313726 percent,7.450980392156863 percent,96 kilopascal,bytearray(b'33920-66R0*'),13.499 volt,92 degree_Celsius,6.0 kilometer,0.0 kilometer,ELM327 v2.1,13.0 volt,43.529411764705884 percent,7.8431372549019605 percent,"('Closed loop, using oxygen sensor feedback to determine fuel mix', '')",[],[],48 kilopascal,82 degree_Celsius,9.375 percent,10000000000000000000000000000001,10000000000000000000100000000000,Unknown : 0.0 count [PASSED],Unknown : 0.0 millisecond [PASSED],"Unknown : 0.0 degree [PASSED]
Unknown : 0.0 degree [PASSED]",0.49 volt,0.695 volt,"((), (False, False, False, False), (False, False, True, True))",EOBD (Europe),0001000000000000000000000000000000000000,10111110001111101011100000010011,10000000000001011010000000000001,01101010110100000000000000000000,7.8431372549019605 percent,866.0 revolutions_per_minute,2075.0 second,4.6875 percent,0.0 kilometer_per_hour,<obd.OBDResponse.Status object at 0xf68ea130>,10.196078431372548 percent,18.03921568627451 percent,18.03921568627451 percent,-3.0 degree,0.0 count
263,2025-04-22 15:08:11,29.80392156862745 percent,14.901960784313726 percent,7.450980392156863 percent,96 kilopascal,bytearray(b'33920-66R0*'),13.381 volt,92 degree_Celsius,6.0 kilometer,0.0 kilometer,ELM327 v2.1,13.2 volt,42.745098039215684 percent,0.0 percent,"('Closed loop, using oxygen sensor feedback to determine fuel mix', '')",[],[],47 kilopascal,83 degree_Celsius,9.375 percent,10000000000000000000000000000001,10000000000000000000100000000000,Unknown : 0.0 count [PASSED],Unknown : 0.0 millisecond [PASSED],"Unknown : 0.0 degree [PASSED]
Unknown : 0.0 degree [PASSED]",0.825 volt,0.695 volt,"((), (False, False, False, False), (False, False, True, True))",EOBD (Europe),0001000000000000000000000000000000000000,10111110001111101011100000010011,10000000000001011010000000000001,01101010110100000000000000000000,7.8431372549019605 percent,850.0 revolutions_per_minute,2082.0 second,3.90625 percent,0.0 kilometer_per_hour,<obd.OBDResponse.Status object at 0xf6886290>,10.196078431372548 percent,18.03921568627451 percent,17.647058823529413 percent,-3.0 degree,0.0 count
264,2025-04-22 15:08:18,30.588235294117645 percent,14.509803921568627 percent,7.450980392156863 percent,96 kilopascal,bytearray(b'33920-66R0*'),13.499 volt,92 degree_Celsius,6.0 kilometer,0.0 kilometer,ELM327 v2.1,13.0 volt,42.35294117647059 percent,0.0 percent,"('Closed loop, using oxygen sensor feedback to determine fuel mix', '')",[],[],47 kilopascal,83 degree_Celsius,9.375 percent,10000000000000000000000000000001,10000000000000000000100000000000,Unknown : 0.0 count [PASSED],Unknown : 0.0 millisecond [PASSED],"Unknown : 0.0 degree [PASSED]
Unknown : 0.0 degree [PASSED]",0.11 volt,0.685 volt,"((), (False, False, False, False), (False, False, True, True))",EOBD (Europe),0001000000000000000000000000000000000000,10111110001111101011100000010011,10000000000001011010000000000001,01101010110100000000000000000000,7.8431372549019605 percent,849.0 revolutions_per_minute,2089.0 second,0.0 percent,0.0 kilometer_per_hour,<obd.OBDResponse.Status object at 0xf689e990>,10.196078431372548 percent,18.03921568627451 percent,17.647058823529413 percent,-4.0 degree,0.0 count
265,2025-04-22 15:08:25,30.19607843137255 percent,14.901960784313726 percent,7.450980392156863 percent,96 kilopascal,bytearray(b'33920-66R0*'),13.476 volt,92 degree_Celsius,6.0 kilometer,0.0 kilometer,ELM327 v2.1,13.5 volt,42.35294117647059 percent,0.0 percent,"('Closed loop, using oxygen sensor feedback to determine fuel mix', '')",[],[],47 kilopascal,83 degree_Celsius,9.375 percent,10000000000000000000000000000001,10000000000000000000100000000000,Unknown : 0.0 count [PASSED],Unknown : 0.0 millisecond [PASSED],"Unknown : 0.0 degree [PASSED]
Unknown : 0.0 degree [PASSED]",0.7 volt,0.69 volt,"((), (False, False, False, False), (False, False, True, True))",EOBD (Europe),0001000000000000000000000000000000000000,10111110001111101011100000010011,10000000000001011010000000000001,01101010110100000000000000000000,7.8431372549019605 percent,861.5 revolutions_per_minute,2096.0 second,2.34375 percent,0.0 kilometer_per_hour,<obd.OBDResponse.Status object at 0xf68eab50>,10.196078431372548 percent,18.03921568627451 percent,17.647058823529413 percent,-2.5 degree,0.0 count
266,2025-04-22 15:08:32,29.80392156862745 percent,14.901960784313726 percent,7.450980392156863 percent,96 kilopascal,bytearray(b'33920-66R0*'),13.523 volt,92 degree_Celsius,6.0 kilometer,0.0 kilometer,ELM327 v2.1,13.2 volt,41.96078431372549 percent,0.0 percent,"('Closed loop, using oxygen sensor feedback to determine fuel mix', '')",[],[],47 kilopascal,83 degree_Celsius,9.375 percent,10000000000000000000000000000001,10000000000000000000100000000000,Unknown : 0.0 count [PASSED],Unknown : 0.0 millisecond [PASSED],"Unknown : 0.0 degree [PASSED]
Unknown : 0.0 degree [PASSED]",0.705 volt,0.69 volt,"((), (False, False, False, False), (False, False, True, True))",EOBD (Europe),0001000000000000000000000000000000000000,10111110001111101011100000010011,10000000000001011010000000000001,01101010110100000000000000000000,7.8431372549019605 percent,847.5 revolutions_per_minute,2103.0 second,2.34375 percent,0.0 kilometer_per_hour,<obd.OBDResponse.Status object at 0xf6886610>,10.196078431372548 percent,18.03921568627451 percent,17.647058823529413 percent,-4.0 degree,0.0 count
267,2025-04-22 15:08:39,30.19607843137255 percent,14.901960784313726 percent,7.450980392156863 percent,96 kilopascal,bytearray(b'33920-66R0*'),13.57 volt,92 degree_Celsius,6.0 kilometer,0.0 kilometer,ELM327 v2.1,13.1 volt,42.35294117647059 percent,0.0 percent,"('Closed loop, using oxygen sensor feedback to determine fuel mix', '')",[],[],47 kilopascal,83 degree_Celsius,9.375 percent,10000000000000000000000000000001,10000000000000000000100000000000,Unknown : 0.0 count [PASSED],Unknown : 0.0 millisecond [PASSED],"Unknown : 0.0 degree [PASSED]
Unknown : 0.0 degree [PASSED]",0.09 volt,0.66 volt,"((), (False, False, False, False), (False, False, True, True))",EOBD (Europe),0001000000000000000000000000000000000000,10111110001111101011100000010011,10000000000001011010000000000001,01101010110100000000000000000000,7.8431372549019605 percent,864.5 revolutions_per_minute,2110.0 second,1.5625 percent,0.0 kilometer_per_hour,<obd.OBDResponse.Status object at 0xf68eab90>,10.196078431372548 percent,18.03921568627451 percent,17.647058823529413 percent,-3.0 degree,0.0 count
268,2025-04-22 15:08:46,29.80392156862745 percent,14.901960784313726 percent,7.450980392156863 percent,96 kilopascal,bytearray(b'33920-66R0*'),13.523 volt,92 degree_Celsius,6.0 kilometer,0.0 kilometer,ELM327 v2.1,13.2 volt,42.35294117647059 percent,0.0 percent,"('Closed loop, using oxygen sensor feedback to determine fuel mix', '')",[],[],47 kilopascal,83 degree_Celsius,9.375 percent,10000000000000000000000000000001,10000000000000000000100000000000,Unknown : 0.0 count [PASSED],Unknown : 0.0 millisecond [PASSED],"Unknown : 0.0 degree [PASSED]
Unknown : 0.0 degree [PASSED]",0.74 volt,0.69 volt,"((), (False, False, False, False), (False, False, True, True))",EOBD (Europe),0001000000000000000000000000000000000000,10111110001111101011100000010011,10000000000001011010000000000001,01101010110100000000000000000000,7.8431372549019605 percent,862.0 revolutions_per_minute,2117.0 second,4.6875 percent,0.0 kilometer_per_hour,<obd.OBDResponse.Status object at 0xf689e710>,10.196078431372548 percent,18.03921568627451 percent,17.647058823529413 percent,-3.0 degree,0.0 count
269,2025-04-22 15:08:53,29.80392156862745 percent,14.901960784313726 percent,7.450980392156863 percent,96 kilopascal,bytearray(b'33920-66R0*'),13.499 volt,92 degree_Celsius,6.0 kilometer,0.0 kilometer,ELM327 v2.1,13.4 volt,42.35294117647059 percent,0.0 percent,"('Closed loop, using oxygen sensor feedback to determine fuel mix', '')",[],[],47 kilopascal,83 degree_Celsius,9.375 percent,10000000000000000000000000000001,10000000000000000000100000000000,Unknown : 0.0 count [PASSED],Unknown : 0.0 millisecond [PASSED],"Unknown : 0.0 degree [PASSED]
Unknown : 0.0 degree [PASSED]",0.775 volt,0.695 volt,"((), (False, False, False, False), (False, False, True, True))",EOBD (Europe),0001000000000000000000000000000000000000,10111110001111101011100000010011,10000000000001011010000000000001,01101010110100000000000000000000,7.8431372549019605 percent,846.0 revolutions_per_minute,2124.0 second,3.125 percent,0.0 kilometer_per_hour,<obd.OBDResponse.Status object at 0xf68ead90>,10.196078431372548 percent,18.03921568627451 percent,17.647058823529413 percent,-4.0 degree,0.0 count
270,2025-04-22 15:08:59,30.19607843137255 percent,14.901960784313726 percent,7.450980392156863 percent,96 kilopascal,bytearray(b'33920-66R0*'),13.593 volt,92 degree_Celsius,6.0 kilometer,0.0 kilometer,ELM327 v2.1,13.5 volt,42.35294117647059 percent,0.0 percent,"('Closed loop, using oxygen sensor feedback to determine fuel mix', '')",[],[],47 kilopascal,83 degree_Celsius,9.375 percent,10000000000000000000000000000001,10000000000000000000100000000000,Unknown : 0.0 count [PASSED],Unknown : 0.0 millisecond [PASSED],"Unknown : 0.0 degree [PASSED]
Unknown : 0.0 degree [PASSED]",0.09 volt,0.665 volt,"((), (False, False, False, False), (False, False, True, True))",EOBD (Europe),0001000000000000000000000000000000000000,10111110001111101011100000010011,10000000000001011010000000000001,01101010110100000000000000000000,7.8431372549019605 percent,861.0 revolutions_per_minute,2131.0 second,0.78125 percent,0.0 kilometer_per_hour,<obd.OBDResponse.Status object at 0xf6846e50>,10.196078431372548 percent,18.03921568627451 percent,18.03921568627451 percent,-3.0 degree,0.0 count
271,2025-04-22 15:09:06,29.80392156862745 percent,14.901960784313726 percent,7.450980392156863 percent,96 kilopascal,bytearray(b'33920-66R0*'),13.593 volt,92 degree_Celsius,6.0 kilometer,0.0 kilometer,ELM327 v2.1,13.2 volt,42.745098039215684 percent,0.0 percent,"('Closed loop, using oxygen sensor feedback to determine fuel mix', '')",[],[],47 kilopascal,83 degree_Celsius,9.375 percent,10000000000000000000000000000001,10000000000000000000100000000000,Unknown : 0.0 count [PASSED],Unknown : 0.0 millisecond [PASSED],"Unknown : 0.0 degree [PASSED]
Unknown : 0.0 degree [PASSED]",0.77 volt,0.69 volt,"((), (False, False, False, False), (False, False, True, True))",EOBD (Europe),0001000000000000000000000000000000000000,10111110001111101011100000010011,10000000000001011010000000000001,01101010110100000000000000000000,7.8431372549019605 percent,845.5 revolutions_per_minute,2138.0 second,4.6875 percent,0.0 kilometer_per_hour,<obd.OBDResponse.Status object at 0xf68eab90>,10.196078431372548 percent,18.03921568627451 percent,17.647058823529413 percent,-3.0 degree,0.0 count
272,2025-04-22 15:09:13,29.80392156862745 percent,14.901960784313726 percent,7.450980392156863 percent,96 kilopascal,bytearray(b'33920-66R0*'),13.499 volt,92 degree_Celsius,6.0 kilometer,0.0 kilometer,ELM327 v2.1,13.1 volt,42.35294117647059 percent,0.0 percent,"('Closed loop, using oxygen sensor feedback to determine fuel mix', '')",[],[],47 kilopascal,83 degree_Celsius,9.375 percent,10000000000000000000000000000001,10000000000000000000100000000000,Unknown : 0.0 count [PASSED],Unknown : 0.0 millisecond [PASSED],"Unknown : 0.0 degree [PASSED]
Unknown : 0.0 degree [PASSED]",0.79 volt,0.695 volt,"((), (False, False, False, False), (False, False, True, True))",EOBD (Europe),0001000000000000000000000000000000000000,10111110001111101011100000010011,10000000000001011010000000000001,01101010110100000000000000000000,7.8431372549019605 percent,854.5 revolutions_per_minute,2145.0 second,4.6875 percent,0.0 kilometer_per_hour,<obd.OBDResponse.Status object at 0xf689e350>,10.196078431372548 percent,18.03921568627451 percent,17.647058823529413 percent,-3.0 degree,0.0 count
273,2025-04-22 15:09:20,29.80392156862745 percent,14.901960784313726 percent,7.450980392156863 percent,96 kilopascal,bytearray(b'33920-66R0*'),13.593 volt,92 degree_Celsius,6.0 kilometer,0.0 kilometer,ELM327 v2.1,13.2 volt,41.96078431372549 percent,0.0 percent,"('Closed loop, using oxygen sensor feedback to determine fuel mix', '')",[],[],47 kilopascal,83 degree_Celsius,9.375 percent,10000000000000000000000000000001,10000000000000000000100000000000,Unknown : 0.0 count [PASSED],Unknown : 0.0 millisecond [PASSED],"Unknown : 0.0 degree [PASSED]
Unknown : 0.0 degree [PASSED]",0.79 volt,0.7 volt,"((), (False, False, False, False), (False, False, True, True))",EOBD (Europe),0001000000000000000000000000000000000000,10111110001111101011100000010011,10000000000001011010000000000001,01101010110100000000000000000000,7.8431372549019605 percent,842.5 revolutions_per_minute,2152.0 second,3.125 percent,0.0 kilometer_per_hour,<obd.OBDResponse.Status object at 0xf68eab90>,10.196078431372548 percent,18.03921568627451 percent,17.647058823529413 percent,-4.0 degree,0.0 count
274,2025-04-22 15:09:27,30.19607843137255 percent,14.901960784313726 percent,7.450980392156863 percent,96 kilopascal,bytearray(b'33920-66R0*'),13.57 volt,92 degree_Celsius,6.0 kilometer,0.0 kilometer,ELM327 v2.1,13.5 volt,41.96078431372549 percent,0.0 percent,"('Closed loop, using oxygen sensor feedback to determine fuel mix', '')",[],[],46 kilopascal,83 degree_Celsius,9.375 percent,10000000000000000000000000000001,10000000000000000000100000000000,Unknown : 0.0 count [PASSED],Unknown : 0.0 millisecond [PASSED],"Unknown : 0.0 degree [PASSED]
Unknown : 0.0 degree [PASSED]",0.09 volt,0.66 volt,"((), (False, False, False, False), (False, False, True, True))",EOBD (Europe),0001000000000000000000000000000000000000,10111110001111101011100000010011,10000000000001011010000000000001,01101010110100000000000000000000,7.8431372549019605 percent,843.5 revolutions_per_minute,2159.0 second,0.0 percent,0.0 kilometer_per_hour,<obd.OBDResponse.Status object at 0xf68eab90>,10.196078431372548 percent,18.03921568627451 percent,17.647058823529413 percent,-4.0 degree,0.0 count
275,2025-04-22 15:09:34,29.80392156862745 percent,14.901960784313726 percent,7.450980392156863 percent,96 kilopascal,bytearray(b'33920-66R0*'),13.428 volt,92 degree_Celsius,6.0 kilometer,0.0 kilometer,ELM327 v2.1,13.2 volt,41.96078431372549 percent,0.0 percent,"('Closed loop, using oxygen sensor feedback to determine fuel mix', '')",[],[],46 kilopascal,83 degree_Celsius,10.15625 percent,10000000000000000000000000000001,10000000000000000000100000000000,Unknown : 0.0 count [PASSED],Unknown : 0.0 millisecond [PASSED],"Unknown : 0.0 degree [PASSED]
Unknown : 0.0 degree [PASSED]",0.105 volt,0.665 volt,"((), (False, False, False, False), (False, False, True, True))",EOBD (Europe),0001000000000000000000000000000000000000,10111110001111101011100000010011,10000000000001011010000000000001,01101010110100000000000000000000,7.8431372549019605 percent,854.5 revolutions_per_minute,2166.0 second,0.78125 percent,0.0 kilometer_per_hour,<obd.OBDResponse.Status object at 0xf689e350>,10.196078431372548 percent,18.03921568627451 percent,17.647058823529413 percent,-3.0 degree,0.0 count
276,2025-04-22 15:09:41,29.80392156862745 percent,14.901960784313726 percent,7.450980392156863 percent,96 kilopascal,bytearray(b'33920-66R0*'),13.57 volt,92 degree_Celsius,6.0 kilometer,0.0 kilometer,ELM327 v2.1,13.1 volt,42.35294117647059 percent,0.0 percent,"('Closed loop, using oxygen sensor feedback to determine fuel mix', '')",[],[],46 kilopascal,83 degree_Celsius,10.15625 percent,10000000000000000000000000000001,10000000000000000000100000000000,Unknown : 0.0 count [PASSED],Unknown : 0.0 millisecond [PASSED],"Unknown : 0.0 degree [PASSED]
Unknown : 0.0 degree [PASSED]",0.715 volt,0.69 volt,"((), (False, False, False, False), (False, False, True, True))",EOBD (Europe),0001000000000000000000000000000000000000,10111110001111101011100000010011,10000000000001011010000000000001,01101010110100000000000000000000,7.8431372549019605 percent,858.5 revolutions_per_minute,2172.0 second,2.34375 percent,0.0 kilometer_per_hour,<obd.OBDResponse.Status object at 0xf68eacd0>,10.196078431372548 percent,18.03921568627451 percent,17.647058823529413 percent,-4.0 degree,0.0 count
277,2025-04-22 15:09:48,30.19607843137255 percent,14.901960784313726 percent,7.450980392156863 percent,96 kilopascal,bytearray(b'33920-66R0*'),13.546000000000001 volt,92 degree_Celsius,6.0 kilometer,0.0 kilometer,ELM327 v2.1,13.2 volt,43.13725490196079 percent,0.0 percent,"('Closed loop, using oxygen sensor feedback to determine fuel mix', '')",[],[],47 kilopascal,83 degree_Celsius,9.375 percent,10000000000000000000000000000001,10000000000000000000100000000000,Unknown : 0.0 count [PASSED],Unknown : 0.0 millisecond [PASSED],"Unknown : 0.0 degree [PASSED]
Unknown : 0.0 degree [PASSED]",0.81 volt,0.695 volt,"((), (False, False, False, False), (False, False, True, True))",EOBD (Europe),0001000000000000000000000000000000000000,10111110001111101011100000010011,10000000000001011010000000000001,01101010110100000000000000000000,7.8431372549019605 percent,856.0 revolutions_per_minute,2179.0 second,4.6875 percent,0.0 kilometer_per_hour,<obd.OBDResponse.Status object at 0xf689e710>,10.196078431372548 percent,18.03921568627451 percent,17.647058823529413 percent,-4.0 degree,0.0 count
